"year","month","station_id","lat","lon","Region","countStart","countEnd"
2016,7,3005,34.0485,-118.259,"DTLA",394,482
2016,7,3006,34.0455,-118.257,"DTLA",369,363
2016,7,3007,34.0505,-118.255,"DTLA",165,140
2016,7,3008,34.0466,-118.263,"DTLA",147,192
2016,7,3010,34.037,-118.255,"DTLA",27,26
2016,7,3011,34.0411,-118.268,"DTLA",78,79
2016,7,3014,34.0566,-118.237,"DTLA",499,542
2016,7,3016,34.0529,-118.242,"DTLA",293,265
2016,7,3018,34.0437,-118.26,"DTLA",136,161
2016,7,3019,34.0386,-118.261,"DTLA",226,242
2016,7,3020,34.0311,-118.267,"DTLA",40,41
2016,7,3021,34.0456,-118.237,"DTLA",393,471
2016,7,3022,34.0461,-118.233,"DTLA",379,394
2016,7,3023,34.0509,-118.241,"DTLA",113,116
2016,7,3024,34.0577,-118.249,"DTLA",187,121
2016,7,3025,34.0329,-118.268,"DTLA",39,40
2016,7,3026,34.0632,-118.246,"DTLA",99,86
2016,7,3027,34.05,-118.247,"DTLA",192,149
2016,7,3028,34.0583,-118.246,"DTLA",96,64
2016,7,3029,34.0489,-118.246,"DTLA",122,121
2016,7,3030,34.0519,-118.244,"DTLA",497,463
2016,7,3031,34.0447,-118.252,"DTLA",388,486
2016,7,3032,34.0499,-118.256,"DTLA",258,241
2016,7,3033,34.041,-118.256,"DTLA",64,65
2016,7,3034,34.0421,-118.263,"DTLA",306,304
2016,7,3035,34.0484,-118.261,"DTLA",340,315
2016,7,3036,34.0392,-118.233,"DTLA",123,133
2016,7,3037,34.0348,-118.231,"DTLA",110,133
2016,7,3038,34.0468,-118.248,"DTLA",329,324
2016,7,3040,34.0536,-118.266,"DTLA",106,80
2016,7,3042,34.0493,-118.239,"DTLA",367,473
2016,7,3045,34.0285,-118.257,"DTLA",17,26
2016,7,3046,34.053,-118.248,"DTLA",158,138
2016,7,3047,34.04,-118.266,"DTLA",168,181
2016,7,3048,34.0417,-118.235,"DTLA",135,149
2016,7,3049,34.057,-118.254,"DTLA",290,289
2016,7,3051,34.0454,-118.254,"DTLA",126,114
2016,7,3052,34.0511,-118.265,"DTLA",238,162
2016,7,3053,34.04,-118.263,"DTLA",13,12
2016,7,3054,34.0392,-118.236,"DTLA",77,76
2016,7,3055,34.0442,-118.252,"DTLA",260,204
2016,7,3056,34.0375,-118.265,"DTLA",119,120
2016,7,3057,34.0357,-118.271,"DTLA",30,30
2016,7,3058,34.0358,-118.233,"DTLA",182,186
2016,7,3059,34.0379,-118.256,"DTLA",52,44
2016,7,3060,34.0349,-118.258,"DTLA",27,31
2016,7,3062,34.0477,-118.243,"DTLA",147,165
2016,7,3063,34.048,-118.254,"DTLA",262,316
2016,7,3064,34.0468,-118.257,"DTLA",260,279
2016,7,3065,34.0606,-118.238,"DTLA",92,86
2016,7,3066,34.0634,-118.236,"DTLA",143,111
2016,7,3067,34.0452,-118.25,"DTLA",339,327
2016,7,3068,34.0532,-118.251,"DTLA",248,95
2016,7,3069,34.0509,-118.248,"DTLA",320,320
2016,7,3074,34.0442,-118.261,"DTLA",227,209
2016,7,3075,34.0421,-118.256,"DTLA",199,208
2016,7,3076,34.0406,-118.254,"DTLA",165,177
2016,7,3077,34.0399,-118.25,"DTLA",56,49
2016,7,3078,34.0643,-118.239,"DTLA",47,46
2016,7,3079,34.0501,-118.233,"DTLA",85,93
2016,7,3080,34.0342,-118.255,"DTLA",24,22
2016,7,3081,34.0319,-118.25,"DTLA",22,27
2016,7,4108,34.0259,-118.238,"DTLA",10,16
2016,8,3005,34.0485,-118.259,"DTLA",788,1010
2016,8,3006,34.0455,-118.257,"DTLA",535,549
2016,8,3007,34.0505,-118.255,"DTLA",512,394
2016,8,3008,34.0466,-118.263,"DTLA",435,404
2016,8,3010,34.037,-118.255,"DTLA",113,103
2016,8,3011,34.0411,-118.268,"DTLA",219,284
2016,8,3014,34.0566,-118.237,"DTLA",849,1017
2016,8,3016,34.0529,-118.242,"DTLA",424,425
2016,8,3018,34.0437,-118.26,"DTLA",240,256
2016,8,3019,34.0386,-118.261,"DTLA",373,418
2016,8,3020,34.0311,-118.267,"DTLA",99,107
2016,8,3021,34.0456,-118.237,"DTLA",861,1019
2016,8,3022,34.0461,-118.233,"DTLA",610,712
2016,8,3023,34.0509,-118.241,"DTLA",394,472
2016,8,3024,34.0577,-118.249,"DTLA",450,248
2016,8,3025,34.0329,-118.268,"DTLA",78,101
2016,8,3026,34.0632,-118.246,"DTLA",277,229
2016,8,3027,34.05,-118.247,"DTLA",433,328
2016,8,3028,34.0583,-118.246,"DTLA",228,133
2016,8,3029,34.0489,-118.246,"DTLA",344,256
2016,8,3030,34.0519,-118.244,"DTLA",937,879
2016,8,3031,34.0447,-118.252,"DTLA",782,953
2016,8,3032,34.0499,-118.256,"DTLA",517,520
2016,8,3033,34.041,-118.256,"DTLA",112,106
2016,8,3034,34.0421,-118.263,"DTLA",561,582
2016,8,3035,34.0484,-118.261,"DTLA",634,669
2016,8,3036,34.0392,-118.233,"DTLA",248,295
2016,8,3037,34.0348,-118.231,"DTLA",185,249
2016,8,3038,34.0468,-118.248,"DTLA",619,561
2016,8,3040,34.0536,-118.266,"DTLA",289,249
2016,8,3042,34.0493,-118.239,"DTLA",764,959
2016,8,3045,34.0285,-118.257,"DTLA",47,56
2016,8,3046,34.053,-118.248,"DTLA",231,185
2016,8,3047,34.04,-118.266,"DTLA",359,313
2016,8,3048,34.0417,-118.235,"DTLA",560,615
2016,8,3049,34.057,-118.254,"DTLA",582,470
2016,8,3051,34.0454,-118.254,"DTLA",370,328
2016,8,3052,34.0511,-118.265,"DTLA",400,256
2016,8,3054,34.0392,-118.236,"DTLA",168,164
2016,8,3055,34.0442,-118.252,"DTLA",598,489
2016,8,3056,34.0375,-118.265,"DTLA",230,209
2016,8,3057,34.0357,-118.271,"DTLA",71,77
2016,8,3058,34.0358,-118.233,"DTLA",344,369
2016,8,3059,34.0379,-118.256,"DTLA",136,118
2016,8,3060,34.0349,-118.258,"DTLA",97,100
2016,8,3062,34.0477,-118.243,"DTLA",313,330
2016,8,3063,34.048,-118.254,"DTLA",552,637
2016,8,3064,34.0468,-118.257,"DTLA",810,834
2016,8,3065,34.0606,-118.238,"DTLA",196,210
2016,8,3066,34.0634,-118.236,"DTLA",240,225
2016,8,3067,34.0452,-118.25,"DTLA",688,643
2016,8,3068,34.0532,-118.251,"DTLA",481,189
2016,8,3069,34.0509,-118.248,"DTLA",985,942
2016,8,3074,34.0442,-118.261,"DTLA",473,495
2016,8,3075,34.0421,-118.256,"DTLA",387,397
2016,8,3076,34.0406,-118.254,"DTLA",356,375
2016,8,3077,34.0399,-118.25,"DTLA",148,131
2016,8,3078,34.0643,-118.239,"DTLA",110,165
2016,8,3079,34.0501,-118.233,"DTLA",144,158
2016,8,3080,34.0342,-118.255,"DTLA",26,30
2016,8,3081,34.0319,-118.25,"DTLA",66,78
2016,8,3082,34.0465,-118.237,"DTLA",59,58
2016,8,4108,34.0259,-118.238,"DTLA",16,20
2016,9,3005,34.0485,-118.259,"DTLA",722,912
2016,9,3006,34.0455,-118.257,"DTLA",413,466
2016,9,3007,34.0505,-118.255,"DTLA",421,312
2016,9,3008,34.0466,-118.263,"DTLA",339,357
2016,9,3010,34.037,-118.255,"DTLA",83,68
2016,9,3011,34.0411,-118.268,"DTLA",160,153
2016,9,3014,34.0566,-118.237,"DTLA",707,842
2016,9,3016,34.0529,-118.242,"DTLA",227,252
2016,9,3018,34.0437,-118.26,"DTLA",195,186
2016,9,3019,34.0386,-118.261,"DTLA",257,323
2016,9,3020,34.0311,-118.267,"DTLA",72,93
2016,9,3022,34.0461,-118.233,"DTLA",537,617
2016,9,3023,34.0509,-118.241,"DTLA",320,415
2016,9,3024,34.0577,-118.249,"DTLA",306,149
2016,9,3025,34.0329,-118.268,"DTLA",104,121
2016,9,3026,34.0632,-118.246,"DTLA",244,187
2016,9,3027,34.05,-118.247,"DTLA",374,288
2016,9,3028,34.0583,-118.246,"DTLA",165,74
2016,9,3029,34.0489,-118.246,"DTLA",248,187
2016,9,3030,34.0519,-118.244,"DTLA",764,557
2016,9,3031,34.0447,-118.252,"DTLA",718,868
2016,9,3032,34.0499,-118.256,"DTLA",419,408
2016,9,3033,34.041,-118.256,"DTLA",128,148
2016,9,3034,34.0421,-118.263,"DTLA",535,541
2016,9,3035,34.0484,-118.261,"DTLA",509,516
2016,9,3036,34.0392,-118.233,"DTLA",202,252
2016,9,3037,34.0348,-118.231,"DTLA",172,208
2016,9,3038,34.0468,-118.248,"DTLA",534,510
2016,9,3040,34.0536,-118.266,"DTLA",109,72
2016,9,3042,34.0493,-118.239,"DTLA",676,842
2016,9,3045,34.0285,-118.257,"DTLA",29,59
2016,9,3046,34.053,-118.248,"DTLA",212,140
2016,9,3047,34.04,-118.266,"DTLA",334,303
2016,9,3048,34.0417,-118.235,"DTLA",455,488
2016,9,3049,34.057,-118.254,"DTLA",446,360
2016,9,3051,34.0454,-118.254,"DTLA",308,288
2016,9,3052,34.0511,-118.265,"DTLA",322,249
2016,9,3054,34.0392,-118.236,"DTLA",131,124
2016,9,3055,34.0442,-118.252,"DTLA",484,336
2016,9,3056,34.0375,-118.265,"DTLA",216,222
2016,9,3057,34.0357,-118.271,"DTLA",61,64
2016,9,3058,34.0358,-118.233,"DTLA",252,281
2016,9,3059,34.0379,-118.256,"DTLA",110,114
2016,9,3060,34.0349,-118.258,"DTLA",54,53
2016,9,3062,34.0477,-118.243,"DTLA",307,312
2016,9,3063,34.048,-118.254,"DTLA",342,450
2016,9,3064,34.0468,-118.257,"DTLA",788,744
2016,9,3065,34.0606,-118.238,"DTLA",144,185
2016,9,3066,34.0634,-118.236,"DTLA",226,196
2016,9,3067,34.0452,-118.25,"DTLA",613,623
2016,9,3068,34.0532,-118.251,"DTLA",426,161
2016,9,3069,34.0509,-118.248,"DTLA",823,773
2016,9,3074,34.0442,-118.261,"DTLA",328,366
2016,9,3075,34.0421,-118.256,"DTLA",323,382
2016,9,3076,34.0406,-118.254,"DTLA",294,307
2016,9,3077,34.0399,-118.25,"DTLA",121,112
2016,9,3078,34.0643,-118.239,"DTLA",138,141
2016,9,3079,34.0501,-118.233,"DTLA",76,74
2016,9,3080,34.0342,-118.255,"DTLA",29,32
2016,9,3081,34.0319,-118.25,"DTLA",67,89
2016,9,3082,34.0465,-118.237,"DTLA",741,902
2016,9,4108,34.0259,-118.238,"DTLA",6,12
2016,10,3000,NULL,NULL,"N/A",9,151
2016,10,3005,34.0485,-118.259,"DTLA",745,859
2016,10,3006,34.0455,-118.257,"DTLA",318,357
2016,10,3007,34.0505,-118.255,"DTLA",382,283
2016,10,3008,34.0466,-118.263,"DTLA",265,318
2016,10,3010,34.037,-118.255,"DTLA",54,58
2016,10,3011,34.0411,-118.268,"DTLA",180,243
2016,10,3014,34.0566,-118.237,"DTLA",596,707
2016,10,3016,34.0529,-118.242,"DTLA",303,297
2016,10,3018,34.0437,-118.26,"DTLA",126,143
2016,10,3019,34.0386,-118.261,"DTLA",247,279
2016,10,3020,34.0311,-118.267,"DTLA",72,86
2016,10,3022,34.0461,-118.233,"DTLA",523,579
2016,10,3023,34.0509,-118.241,"DTLA",294,356
2016,10,3024,34.0577,-118.249,"DTLA",192,67
2016,10,3025,34.0329,-118.268,"DTLA",105,103
2016,10,3026,34.0632,-118.246,"DTLA",222,185
2016,10,3027,34.05,-118.247,"DTLA",360,286
2016,10,3028,34.0583,-118.246,"DTLA",179,74
2016,10,3029,34.0489,-118.246,"DTLA",243,160
2016,10,3030,34.0519,-118.244,"DTLA",710,673
2016,10,3031,34.0447,-118.252,"DTLA",713,782
2016,10,3032,34.0499,-118.256,"DTLA",349,408
2016,10,3033,34.041,-118.256,"DTLA",74,111
2016,10,3034,34.0421,-118.263,"DTLA",385,384
2016,10,3035,34.0484,-118.261,"DTLA",441,407
2016,10,3036,34.0392,-118.233,"DTLA",189,180
2016,10,3037,34.0348,-118.231,"DTLA",154,200
2016,10,3038,34.0468,-118.248,"DTLA",419,436
2016,10,3040,34.0536,-118.266,"DTLA",120,70
2016,10,3042,34.0493,-118.239,"DTLA",541,681
2016,10,3045,34.0285,-118.257,"DTLA",24,33
2016,10,3046,34.053,-118.248,"DTLA",131,140
2016,10,3047,34.04,-118.266,"DTLA",312,281
2016,10,3048,34.0417,-118.235,"DTLA",394,437
2016,10,3049,34.057,-118.254,"DTLA",433,284
2016,10,3051,34.0454,-118.254,"DTLA",357,336
2016,10,3052,34.0511,-118.265,"DTLA",324,232
2016,10,3054,34.0392,-118.236,"DTLA",78,69
2016,10,3055,34.0442,-118.252,"DTLA",481,367
2016,10,3056,34.0375,-118.265,"DTLA",213,254
2016,10,3057,34.0357,-118.271,"DTLA",41,47
2016,10,3058,34.0358,-118.233,"DTLA",221,249
2016,10,3059,34.0379,-118.256,"DTLA",107,89
2016,10,3060,34.0349,-118.258,"DTLA",60,55
2016,10,3062,34.0477,-118.243,"DTLA",323,288
2016,10,3063,34.048,-118.254,"DTLA",372,481
2016,10,3064,34.0468,-118.257,"DTLA",693,674
2016,10,3065,34.0606,-118.238,"DTLA",152,155
2016,10,3066,34.0634,-118.236,"DTLA",188,176
2016,10,3067,34.0452,-118.25,"DTLA",558,482
2016,10,3068,34.0532,-118.251,"DTLA",435,135
2016,10,3069,34.0509,-118.248,"DTLA",744,732
2016,10,3074,34.0442,-118.261,"DTLA",255,292
2016,10,3075,34.0421,-118.256,"DTLA",337,324
2016,10,3076,34.0406,-118.254,"DTLA",235,254
2016,10,3077,34.0399,-118.25,"DTLA",122,127
2016,10,3078,34.0643,-118.239,"DTLA",115,82
2016,10,3079,34.0501,-118.233,"DTLA",91,82
2016,10,3080,34.0342,-118.255,"DTLA",32,35
2016,10,3081,34.0319,-118.25,"DTLA",121,139
2016,10,3082,34.0465,-118.237,"DTLA",699,900
2016,10,4108,34.0259,-118.238,"DTLA",1,5
2016,11,3000,NULL,NULL,"N/A",4,159
2016,11,3005,34.0485,-118.259,"DTLA",578,788
2016,11,3006,34.0455,-118.257,"DTLA",324,311
2016,11,3007,34.0505,-118.255,"DTLA",257,203
2016,11,3008,34.0466,-118.263,"DTLA",241,230
2016,11,3010,34.037,-118.255,"DTLA",60,50
2016,11,3011,34.0411,-118.268,"DTLA",143,196
2016,11,3014,34.0566,-118.237,"DTLA",496,576
2016,11,3016,34.0529,-118.242,"DTLA",224,218
2016,11,3018,34.0437,-118.26,"DTLA",126,149
2016,11,3019,34.0386,-118.261,"DTLA",213,222
2016,11,3020,34.0311,-118.267,"DTLA",106,115
2016,11,3022,34.0461,-118.233,"DTLA",448,478
2016,11,3023,34.0509,-118.241,"DTLA",190,247
2016,11,3024,34.0577,-118.249,"DTLA",147,48
2016,11,3025,34.0329,-118.268,"DTLA",101,90
2016,11,3026,34.0632,-118.246,"DTLA",193,146
2016,11,3027,34.05,-118.247,"DTLA",288,188
2016,11,3028,34.0583,-118.246,"DTLA",103,39
2016,11,3029,34.0489,-118.246,"DTLA",211,154
2016,11,3030,34.0519,-118.244,"DTLA",511,416
2016,11,3031,34.0447,-118.252,"DTLA",513,654
2016,11,3032,34.0499,-118.256,"DTLA",247,264
2016,11,3033,34.041,-118.256,"DTLA",96,89
2016,11,3034,34.0421,-118.263,"DTLA",325,342
2016,11,3035,34.0484,-118.261,"DTLA",372,419
2016,11,3036,34.0392,-118.233,"DTLA",112,125
2016,11,3037,34.0348,-118.231,"DTLA",139,162
2016,11,3038,34.0468,-118.248,"DTLA",369,357
2016,11,3040,34.0536,-118.266,"DTLA",99,84
2016,11,3042,34.0493,-118.239,"DTLA",343,505
2016,11,3045,34.0285,-118.257,"DTLA",8,22
2016,11,3046,34.053,-118.248,"DTLA",146,123
2016,11,3047,34.04,-118.266,"DTLA",281,225
2016,11,3048,34.0417,-118.235,"DTLA",366,343
2016,11,3049,34.057,-118.254,"DTLA",312,242
2016,11,3051,34.0454,-118.254,"DTLA",245,211
2016,11,3052,34.0511,-118.265,"DTLA",286,133
2016,11,3054,34.0392,-118.236,"DTLA",74,71
2016,11,3055,34.0442,-118.252,"DTLA",387,305
2016,11,3056,34.0375,-118.265,"DTLA",188,175
2016,11,3057,34.0357,-118.271,"DTLA",56,46
2016,11,3058,34.0358,-118.233,"DTLA",205,234
2016,11,3059,34.0379,-118.256,"DTLA",88,94
2016,11,3060,34.0349,-118.258,"DTLA",39,49
2016,11,3062,34.0477,-118.243,"DTLA",273,264
2016,11,3063,34.048,-118.254,"DTLA",288,368
2016,11,3064,34.0468,-118.257,"DTLA",482,563
2016,11,3065,34.0606,-118.238,"DTLA",103,92
2016,11,3066,34.0634,-118.236,"DTLA",135,99
2016,11,3067,34.0452,-118.25,"DTLA",420,358
2016,11,3068,34.0532,-118.251,"DTLA",365,130
2016,11,3069,34.0509,-118.248,"DTLA",492,527
2016,11,3074,34.0442,-118.261,"DTLA",249,252
2016,11,3075,34.0421,-118.256,"DTLA",254,278
2016,11,3076,34.0406,-118.254,"DTLA",235,224
2016,11,3077,34.0399,-118.25,"DTLA",107,102
2016,11,3078,34.0643,-118.239,"DTLA",60,66
2016,11,3079,34.0501,-118.233,"DTLA",69,68
2016,11,3080,34.0342,-118.255,"DTLA",27,20
2016,11,3081,34.0319,-118.25,"DTLA",78,74
2016,11,3082,34.0465,-118.237,"DTLA",525,640
2016,11,4108,34.0259,-118.238,"DTLA",5,5
2016,12,3000,NULL,NULL,"N/A",6,173
2016,12,3005,34.0485,-118.259,"DTLA",406,579
2016,12,3006,34.0455,-118.257,"DTLA",157,193
2016,12,3007,34.0505,-118.255,"DTLA",217,126
2016,12,3008,34.0466,-118.263,"DTLA",167,188
2016,12,3010,34.037,-118.255,"DTLA",41,33
2016,12,3011,34.0411,-118.268,"DTLA",103,111
2016,12,3014,34.0566,-118.237,"DTLA",373,417
2016,12,3016,34.0529,-118.242,"DTLA",152,135
2016,12,3018,34.0437,-118.26,"DTLA",81,94
2016,12,3019,34.0386,-118.261,"DTLA",138,156
2016,12,3020,34.0311,-118.267,"DTLA",41,42
2016,12,3022,34.0461,-118.233,"DTLA",309,364
2016,12,3023,34.0509,-118.241,"DTLA",162,208
2016,12,3024,34.0577,-118.249,"DTLA",125,38
2016,12,3025,34.0329,-118.268,"DTLA",49,63
2016,12,3026,34.0632,-118.246,"DTLA",140,101
2016,12,3027,34.05,-118.247,"DTLA",222,157
2016,12,3028,34.0583,-118.246,"DTLA",94,27
2016,12,3029,34.0489,-118.246,"DTLA",199,112
2016,12,3030,34.0519,-118.244,"DTLA",397,294
2016,12,3031,34.0447,-118.252,"DTLA",360,437
2016,12,3032,34.0499,-118.256,"DTLA",181,230
2016,12,3033,34.041,-118.256,"DTLA",60,61
2016,12,3034,34.0421,-118.263,"DTLA",240,221
2016,12,3035,34.0484,-118.261,"DTLA",327,334
2016,12,3036,34.0392,-118.233,"DTLA",43,96
2016,12,3037,34.0348,-118.231,"DTLA",97,104
2016,12,3038,34.0468,-118.248,"DTLA",278,284
2016,12,3040,34.0536,-118.266,"DTLA",54,43
2016,12,3042,34.0493,-118.239,"DTLA",258,412
2016,12,3045,34.0285,-118.257,"DTLA",12,21
2016,12,3046,34.053,-118.248,"DTLA",106,91
2016,12,3047,34.04,-118.266,"DTLA",204,144
2016,12,3048,34.0417,-118.235,"DTLA",260,270
2016,12,3049,34.057,-118.254,"DTLA",231,167
2016,12,3051,34.0454,-118.254,"DTLA",190,197
2016,12,3052,34.0511,-118.265,"DTLA",175,107
2016,12,3054,34.0392,-118.236,"DTLA",62,67
2016,12,3055,34.0442,-118.252,"DTLA",293,211
2016,12,3056,34.0375,-118.265,"DTLA",144,142
2016,12,3057,34.0357,-118.271,"DTLA",33,38
2016,12,3058,34.0358,-118.233,"DTLA",142,153
2016,12,3059,34.0379,-118.256,"DTLA",82,96
2016,12,3060,34.0349,-118.258,"DTLA",20,29
2016,12,3062,34.0477,-118.243,"DTLA",231,196
2016,12,3063,34.048,-118.254,"DTLA",297,328
2016,12,3064,34.0468,-118.257,"DTLA",386,391
2016,12,3065,34.0606,-118.238,"DTLA",66,66
2016,12,3066,34.0634,-118.236,"DTLA",117,84
2016,12,3067,34.0452,-118.25,"DTLA",323,264
2016,12,3068,34.0532,-118.251,"DTLA",295,74
2016,12,3069,34.0509,-118.248,"DTLA",393,350
2016,12,3074,34.0442,-118.261,"DTLA",160,209
2016,12,3075,34.0421,-118.256,"DTLA",113,134
2016,12,3076,34.0406,-118.254,"DTLA",153,170
2016,12,3077,34.0399,-118.25,"DTLA",62,78
2016,12,3078,34.0643,-118.239,"DTLA",67,80
2016,12,3079,34.0501,-118.233,"DTLA",42,40
2016,12,3080,34.0342,-118.255,"DTLA",14,9
2016,12,3081,34.0319,-118.25,"DTLA",32,36
2016,12,3082,34.0465,-118.237,"DTLA",424,520
2016,12,4108,34.0259,-118.238,"DTLA",6,10
2017,1,3000,NULL,NULL,"N/A",1,190
2017,1,3005,34.0485,-118.259,"DTLA",406,531
2017,1,3006,34.0455,-118.257,"DTLA",171,187
2017,1,3007,34.0505,-118.255,"DTLA",257,159
2017,1,3008,34.0466,-118.263,"DTLA",179,169
2017,1,3010,34.037,-118.255,"DTLA",11,12
2017,1,3011,34.0411,-118.268,"DTLA",121,150
2017,1,3014,34.0566,-118.237,"DTLA",268,378
2017,1,3016,34.0529,-118.242,"DTLA",94,77
2017,1,3018,34.0437,-118.26,"DTLA",109,129
2017,1,3019,34.0386,-118.261,"DTLA",126,131
2017,1,3020,34.0311,-118.267,"DTLA",27,34
2017,1,3022,34.0461,-118.233,"DTLA",301,355
2017,1,3023,34.0509,-118.241,"DTLA",142,209
2017,1,3024,34.0577,-118.249,"DTLA",69,28
2017,1,3025,34.0329,-118.268,"DTLA",30,70
2017,1,3026,34.0632,-118.246,"DTLA",114,117
2017,1,3027,34.05,-118.247,"DTLA",207,144
2017,1,3028,34.0583,-118.246,"DTLA",100,45
2017,1,3029,34.0489,-118.246,"DTLA",188,120
2017,1,3030,34.0519,-118.244,"DTLA",334,255
2017,1,3031,34.0447,-118.252,"DTLA",373,445
2017,1,3032,34.0499,-118.256,"DTLA",138,244
2017,1,3033,34.041,-118.256,"DTLA",48,46
2017,1,3034,34.0421,-118.263,"DTLA",240,224
2017,1,3035,34.0484,-118.261,"DTLA",268,244
2017,1,3036,34.0392,-118.233,"DTLA",72,118
2017,1,3037,34.0348,-118.231,"DTLA",85,108
2017,1,3038,34.0468,-118.248,"DTLA",275,247
2017,1,3040,34.0536,-118.266,"DTLA",78,52
2017,1,3042,34.0493,-118.239,"DTLA",302,444
2017,1,3045,34.0285,-118.257,"DTLA",13,18
2017,1,3046,34.053,-118.248,"DTLA",126,125
2017,1,3047,34.04,-118.266,"DTLA",169,141
2017,1,3048,34.0417,-118.235,"DTLA",267,275
2017,1,3049,34.057,-118.254,"DTLA",275,202
2017,1,3051,34.0454,-118.254,"DTLA",164,171
2017,1,3052,34.0511,-118.265,"DTLA",164,107
2017,1,3054,34.0392,-118.236,"DTLA",67,67
2017,1,3055,34.0442,-118.252,"DTLA",266,206
2017,1,3056,34.0375,-118.265,"DTLA",112,82
2017,1,3057,34.0357,-118.271,"DTLA",28,35
2017,1,3058,34.0358,-118.233,"DTLA",146,136
2017,1,3059,34.0379,-118.256,"DTLA",71,64
2017,1,3060,34.0349,-118.258,"DTLA",29,32
2017,1,3062,34.0477,-118.243,"DTLA",214,184
2017,1,3063,34.048,-118.254,"DTLA",287,353
2017,1,3064,34.0468,-118.257,"DTLA",370,339
2017,1,3065,34.0606,-118.238,"DTLA",75,96
2017,1,3066,34.0634,-118.236,"DTLA",109,81
2017,1,3067,34.0452,-118.25,"DTLA",266,228
2017,1,3068,34.0532,-118.251,"DTLA",316,49
2017,1,3069,34.0509,-118.248,"DTLA",462,420
2017,1,3074,34.0442,-118.261,"DTLA",193,163
2017,1,3075,34.0421,-118.256,"DTLA",156,160
2017,1,3076,34.0406,-118.254,"DTLA",135,139
2017,1,3077,34.0399,-118.25,"DTLA",45,64
2017,1,3078,34.0643,-118.239,"DTLA",99,90
2017,1,3079,34.0501,-118.233,"DTLA",49,43
2017,1,3080,34.0342,-118.255,"DTLA",17,3
2017,1,3081,34.0319,-118.25,"DTLA",44,45
2017,1,3082,34.0465,-118.237,"DTLA",456,531
2017,1,4108,34.0259,-118.238,"DTLA",23,36
2017,2,3000,NULL,NULL,"N/A",6,159
2017,2,3005,34.0485,-118.259,"DTLA",344,452
2017,2,3006,34.0455,-118.257,"DTLA",170,174
2017,2,3007,34.0505,-118.255,"DTLA",219,155
2017,2,3008,34.0466,-118.263,"DTLA",160,150
2017,2,3010,34.037,-118.255,"DTLA",15,30
2017,2,3011,34.0411,-118.268,"DTLA",91,100
2017,2,3014,34.0566,-118.237,"DTLA",291,345
2017,2,3016,34.0529,-118.242,"DTLA",103,92
2017,2,3018,34.0437,-118.26,"DTLA",77,96
2017,2,3019,34.0386,-118.261,"DTLA",131,163
2017,2,3020,34.0311,-118.267,"DTLA",29,31
2017,2,3022,34.0461,-118.233,"DTLA",352,348
2017,2,3023,34.0509,-118.241,"DTLA",152,177
2017,2,3024,34.0577,-118.249,"DTLA",58,14
2017,2,3025,34.0329,-118.268,"DTLA",34,51
2017,2,3026,34.0632,-118.246,"DTLA",103,73
2017,2,3027,34.05,-118.247,"DTLA",188,130
2017,2,3028,34.0583,-118.246,"DTLA",75,25
2017,2,3029,34.0489,-118.246,"DTLA",123,104
2017,2,3030,34.0519,-118.244,"DTLA",365,281
2017,2,3031,34.0447,-118.252,"DTLA",373,456
2017,2,3032,34.0499,-118.256,"DTLA",147,198
2017,2,3033,34.041,-118.256,"DTLA",51,59
2017,2,3034,34.0421,-118.263,"DTLA",154,169
2017,2,3035,34.0484,-118.261,"DTLA",236,255
2017,2,3036,34.0392,-118.233,"DTLA",69,100
2017,2,3037,34.0348,-118.231,"DTLA",113,112
2017,2,3038,34.0468,-118.248,"DTLA",201,196
2017,2,3040,34.0536,-118.266,"DTLA",79,34
2017,2,3042,34.0493,-118.239,"DTLA",314,443
2017,2,3045,34.0285,-118.257,"DTLA",22,43
2017,2,3046,34.053,-118.248,"DTLA",105,83
2017,2,3047,34.04,-118.266,"DTLA",187,171
2017,2,3048,34.0417,-118.235,"DTLA",225,236
2017,2,3049,34.057,-118.254,"DTLA",248,198
2017,2,3051,34.0454,-118.254,"DTLA",122,123
2017,2,3052,34.0511,-118.265,"DTLA",124,97
2017,2,3054,34.0392,-118.236,"DTLA",61,55
2017,2,3055,34.0442,-118.252,"DTLA",223,161
2017,2,3056,34.0375,-118.265,"DTLA",111,120
2017,2,3057,34.0357,-118.271,"DTLA",26,22
2017,2,3058,34.0358,-118.233,"DTLA",124,131
2017,2,3059,34.0379,-118.256,"DTLA",45,50
2017,2,3060,34.0349,-118.258,"DTLA",15,17
2017,2,3062,34.0477,-118.243,"DTLA",211,174
2017,2,3063,34.048,-118.254,"DTLA",225,334
2017,2,3064,34.0468,-118.257,"DTLA",371,321
2017,2,3065,34.0606,-118.238,"DTLA",91,62
2017,2,3066,34.0634,-118.236,"DTLA",114,105
2017,2,3067,34.0452,-118.25,"DTLA",245,207
2017,2,3068,34.0532,-118.251,"DTLA",253,43
2017,2,3069,34.0509,-118.248,"DTLA",387,388
2017,2,3074,34.0442,-118.261,"DTLA",183,157
2017,2,3075,34.0421,-118.256,"DTLA",107,115
2017,2,3076,34.0406,-118.254,"DTLA",124,104
2017,2,3077,34.0399,-118.25,"DTLA",59,67
2017,2,3078,34.0643,-118.239,"DTLA",113,107
2017,2,3079,34.0501,-118.233,"DTLA",63,77
2017,2,3080,34.0342,-118.255,"DTLA",11,11
2017,2,3081,34.0319,-118.25,"DTLA",75,67
2017,2,3082,34.0465,-118.237,"DTLA",424,493
2017,2,4108,34.0259,-118.238,"DTLA",14,20
2017,3,3000,NULL,NULL,"N/A",22,215
2017,3,3005,34.0485,-118.259,"DTLA",500,649
2017,3,3006,34.0455,-118.257,"DTLA",251,226
2017,3,3007,34.0505,-118.255,"DTLA",355,221
2017,3,3008,34.0466,-118.263,"DTLA",223,234
2017,3,3010,34.037,-118.255,"DTLA",22,31
2017,3,3011,34.0411,-118.268,"DTLA",162,175
2017,3,3014,34.0566,-118.237,"DTLA",492,561
2017,3,3016,34.0529,-118.242,"DTLA",133,145
2017,3,3018,34.0437,-118.26,"DTLA",121,188
2017,3,3019,34.0386,-118.261,"DTLA",199,241
2017,3,3020,34.0311,-118.267,"DTLA",42,55
2017,3,3022,34.0461,-118.233,"DTLA",434,490
2017,3,3023,34.0509,-118.241,"DTLA",213,295
2017,3,3024,34.0577,-118.249,"DTLA",112,47
2017,3,3025,34.0329,-118.268,"DTLA",86,74
2017,3,3026,34.0632,-118.246,"DTLA",170,87
2017,3,3027,34.05,-118.247,"DTLA",293,191
2017,3,3028,34.0583,-118.246,"DTLA",139,39
2017,3,3029,34.0489,-118.246,"DTLA",224,185
2017,3,3030,34.0519,-118.244,"DTLA",544,406
2017,3,3031,34.0447,-118.252,"DTLA",408,434
2017,3,3032,34.0499,-118.256,"DTLA",210,265
2017,3,3033,34.041,-118.256,"DTLA",76,93
2017,3,3034,34.0421,-118.263,"DTLA",291,265
2017,3,3035,34.0484,-118.261,"DTLA",279,353
2017,3,3036,34.0392,-118.233,"DTLA",95,125
2017,3,3037,34.0348,-118.231,"DTLA",119,151
2017,3,3038,34.0468,-118.248,"DTLA",282,279
2017,3,3040,34.0536,-118.266,"DTLA",89,53
2017,3,3042,34.0493,-118.239,"DTLA",450,534
2017,3,3045,34.0285,-118.257,"DTLA",15,41
2017,3,3046,34.053,-118.248,"DTLA",130,107
2017,3,3047,34.04,-118.266,"DTLA",216,235
2017,3,3048,34.0417,-118.235,"DTLA",343,343
2017,3,3049,34.057,-118.254,"DTLA",337,277
2017,3,3051,34.0454,-118.254,"DTLA",180,171
2017,3,3052,34.0511,-118.265,"DTLA",220,154
2017,3,3054,34.0392,-118.236,"DTLA",147,147
2017,3,3055,34.0442,-118.252,"DTLA",278,181
2017,3,3056,34.0375,-118.265,"DTLA",128,157
2017,3,3057,34.0357,-118.271,"DTLA",34,40
2017,3,3058,34.0358,-118.233,"DTLA",192,205
2017,3,3059,34.0379,-118.256,"DTLA",51,53
2017,3,3060,34.0349,-118.258,"DTLA",42,23
2017,3,3062,34.0477,-118.243,"DTLA",306,291
2017,3,3063,34.048,-118.254,"DTLA",324,496
2017,3,3064,34.0468,-118.257,"DTLA",501,460
2017,3,3065,34.0606,-118.238,"DTLA",73,64
2017,3,3066,34.0634,-118.236,"DTLA",153,126
2017,3,3067,34.0452,-118.25,"DTLA",345,349
2017,3,3068,34.0532,-118.251,"DTLA",433,107
2017,3,3069,34.0509,-118.248,"DTLA",532,620
2017,3,3074,34.0442,-118.261,"DTLA",273,218
2017,3,3075,34.0421,-118.256,"DTLA",249,278
2017,3,3076,34.0406,-118.254,"DTLA",206,210
2017,3,3077,34.0399,-118.25,"DTLA",82,81
2017,3,3078,34.0643,-118.239,"DTLA",130,106
2017,3,3079,34.0501,-118.233,"DTLA",74,82
2017,3,3080,34.0342,-118.255,"DTLA",11,16
2017,3,3081,34.0319,-118.25,"DTLA",88,89
2017,3,3082,34.0465,-118.237,"DTLA",580,659
2017,3,4108,34.0259,-118.238,"DTLA",26,30
2017,4,3000,NULL,NULL,"N/A",11,214
2017,4,3005,34.0485,-118.259,"DTLA",548,688
2017,4,3006,34.0455,-118.257,"DTLA",207,228
2017,4,3007,34.0505,-118.255,"DTLA",287,216
2017,4,3008,34.0466,-118.263,"DTLA",256,259
2017,4,3010,34.037,-118.255,"DTLA",50,82
2017,4,3011,34.0411,-118.268,"DTLA",170,161
2017,4,3014,34.0566,-118.237,"DTLA",471,529
2017,4,3016,34.0529,-118.242,"DTLA",139,136
2017,4,3018,34.0437,-118.26,"DTLA",122,165
2017,4,3019,34.0386,-118.261,"DTLA",216,241
2017,4,3020,34.0311,-118.267,"DTLA",24,29
2017,4,3022,34.0461,-118.233,"DTLA",416,431
2017,4,3023,34.0509,-118.241,"DTLA",219,248
2017,4,3024,34.0577,-118.249,"DTLA",108,49
2017,4,3025,34.0329,-118.268,"DTLA",45,53
2017,4,3026,34.0632,-118.246,"DTLA",168,112
2017,4,3027,34.05,-118.247,"DTLA",266,207
2017,4,3028,34.0583,-118.246,"DTLA",157,66
2017,4,3029,34.0489,-118.246,"DTLA",197,147
2017,4,3030,34.0519,-118.244,"DTLA",446,333
2017,4,3031,34.0447,-118.252,"DTLA",458,519
2017,4,3032,34.0499,-118.256,"DTLA",217,260
2017,4,3033,34.041,-118.256,"DTLA",47,60
2017,4,3034,34.0421,-118.263,"DTLA",298,256
2017,4,3035,34.0484,-118.261,"DTLA",323,384
2017,4,3036,34.0392,-118.233,"DTLA",134,164
2017,4,3037,34.0348,-118.231,"DTLA",149,188
2017,4,3038,34.0468,-118.248,"DTLA",281,252
2017,4,3040,34.0536,-118.266,"DTLA",117,56
2017,4,3042,34.0493,-118.239,"DTLA",520,588
2017,4,3045,34.0285,-118.257,"DTLA",22,46
2017,4,3046,34.053,-118.248,"DTLA",132,120
2017,4,3047,34.04,-118.266,"DTLA",211,224
2017,4,3048,34.0417,-118.235,"DTLA",392,413
2017,4,3049,34.057,-118.254,"DTLA",294,221
2017,4,3051,34.0454,-118.254,"DTLA",200,191
2017,4,3052,34.0511,-118.265,"DTLA",238,163
2017,4,3054,34.0392,-118.236,"DTLA",115,122
2017,4,3055,34.0442,-118.252,"DTLA",301,218
2017,4,3056,34.0375,-118.265,"DTLA",152,139
2017,4,3057,34.0357,-118.271,"DTLA",65,65
2017,4,3058,34.0358,-118.233,"DTLA",198,199
2017,4,3060,34.0349,-118.258,"DTLA",35,33
2017,4,3062,34.0477,-118.243,"DTLA",316,292
2017,4,3063,34.048,-118.254,"DTLA",292,441
2017,4,3064,34.0468,-118.257,"DTLA",502,487
2017,4,3065,34.0606,-118.238,"DTLA",71,74
2017,4,3066,34.0634,-118.236,"DTLA",224,184
2017,4,3067,34.0452,-118.25,"DTLA",387,311
2017,4,3068,34.0532,-118.251,"DTLA",407,108
2017,4,3069,34.0509,-118.248,"DTLA",526,584
2017,4,3074,34.0442,-118.261,"DTLA",240,187
2017,4,3075,34.0421,-118.256,"DTLA",261,329
2017,4,3076,34.0406,-118.254,"DTLA",185,220
2017,4,3077,34.0399,-118.25,"DTLA",83,85
2017,4,3078,34.0643,-118.239,"DTLA",86,77
2017,4,3079,34.0501,-118.233,"DTLA",95,96
2017,4,3080,34.0342,-118.255,"DTLA",15,14
2017,4,3081,34.0319,-118.25,"DTLA",66,79
2017,4,3082,34.0465,-118.237,"DTLA",663,787
2017,4,4108,34.0259,-118.238,"DTLA",18,29
2017,5,3000,NULL,NULL,"N/A",41,316
2017,5,3005,34.0485,-118.259,"DTLA",938,1123
2017,5,3006,34.0455,-118.257,"DTLA",407,418
2017,5,3007,34.0505,-118.255,"DTLA",485,376
2017,5,3008,34.0466,-118.263,"DTLA",309,325
2017,5,3010,34.037,-118.255,"DTLA",66,86
2017,5,3011,34.0411,-118.268,"DTLA",231,236
2017,5,3014,34.0566,-118.237,"DTLA",813,885
2017,5,3016,34.0529,-118.242,"DTLA",173,178
2017,5,3018,34.0437,-118.26,"DTLA",229,260
2017,5,3019,34.0386,-118.261,"DTLA",243,310
2017,5,3020,34.0311,-118.267,"DTLA",79,96
2017,5,3022,34.0461,-118.233,"DTLA",419,431
2017,5,3023,34.0509,-118.241,"DTLA",261,363
2017,5,3024,34.0577,-118.249,"DTLA",136,62
2017,5,3025,34.0329,-118.268,"DTLA",94,107
2017,5,3026,34.0632,-118.246,"DTLA",220,172
2017,5,3027,34.05,-118.247,"DTLA",285,224
2017,5,3028,34.0583,-118.246,"DTLA",217,136
2017,5,3029,34.0489,-118.246,"DTLA",246,180
2017,5,3030,34.0519,-118.244,"DTLA",707,561
2017,5,3031,34.0447,-118.252,"DTLA",656,657
2017,5,3032,34.0499,-118.256,"DTLA",298,409
2017,5,3033,34.041,-118.256,"DTLA",147,130
2017,5,3034,34.0421,-118.263,"DTLA",350,389
2017,5,3035,34.0484,-118.261,"DTLA",496,545
2017,5,3036,34.0392,-118.233,"DTLA",159,182
2017,5,3037,34.0348,-118.231,"DTLA",151,164
2017,5,3038,34.0468,-118.248,"DTLA",491,525
2017,5,3040,34.0536,-118.266,"DTLA",194,118
2017,5,3042,34.0493,-118.239,"DTLA",700,753
2017,5,3045,34.0285,-118.257,"DTLA",48,68
2017,5,3046,34.053,-118.248,"DTLA",195,180
2017,5,3047,34.04,-118.266,"DTLA",331,310
2017,5,3048,34.0417,-118.235,"DTLA",442,440
2017,5,3049,34.057,-118.254,"DTLA",382,303
2017,5,3051,34.0454,-118.254,"DTLA",290,273
2017,5,3052,34.0511,-118.265,"DTLA",318,204
2017,5,3054,34.0392,-118.236,"DTLA",213,232
2017,5,3055,34.0442,-118.252,"DTLA",374,334
2017,5,3056,34.0375,-118.265,"DTLA",144,130
2017,5,3057,34.0357,-118.271,"DTLA",81,94
2017,5,3058,34.0358,-118.233,"DTLA",158,179
2017,5,3060,34.0349,-118.258,"DTLA",48,56
2017,5,3061,34.0447,-118.266,"DTLA",59,53
2017,5,3062,34.0477,-118.243,"DTLA",367,361
2017,5,3063,34.048,-118.254,"DTLA",473,669
2017,5,3064,34.0468,-118.257,"DTLA",691,669
2017,5,3065,34.0606,-118.238,"DTLA",151,157
2017,5,3066,34.0634,-118.236,"DTLA",360,366
2017,5,3067,34.0452,-118.25,"DTLA",483,436
2017,5,3068,34.0532,-118.251,"DTLA",720,202
2017,5,3069,34.0509,-118.248,"DTLA",671,661
2017,5,3074,34.0442,-118.261,"DTLA",368,364
2017,5,3075,34.0421,-118.256,"DTLA",336,369
2017,5,3076,34.0406,-118.254,"DTLA",239,274
2017,5,3077,34.0399,-118.25,"DTLA",116,122
2017,5,3078,34.0643,-118.239,"DTLA",194,178
2017,5,3079,34.0501,-118.233,"DTLA",82,86
2017,5,3080,34.0342,-118.255,"DTLA",34,30
2017,5,3081,34.0319,-118.25,"DTLA",60,57
2017,5,3082,34.0465,-118.237,"DTLA",710,806
2017,6,3000,NULL,NULL,"N/A",12,227
2017,6,3005,34.0485,-118.259,"DTLA",925,995
2017,6,3006,34.0455,-118.257,"DTLA",359,391
2017,6,3007,34.0505,-118.255,"DTLA",419,297
2017,6,3008,34.0466,-118.263,"DTLA",323,335
2017,6,3010,34.037,-118.255,"DTLA",57,77
2017,6,3011,34.0411,-118.268,"DTLA",219,299
2017,6,3014,34.0566,-118.237,"DTLA",724,761
2017,6,3016,34.0529,-118.242,"DTLA",185,157
2017,6,3018,34.0437,-118.26,"DTLA",218,229
2017,6,3019,34.0386,-118.261,"DTLA",251,294
2017,6,3020,34.0311,-118.267,"DTLA",39,46
2017,6,3022,34.0461,-118.233,"DTLA",400,476
2017,6,3023,34.0509,-118.241,"DTLA",192,231
2017,6,3024,34.0577,-118.249,"DTLA",120,56
2017,6,3025,34.0329,-118.268,"DTLA",90,87
2017,6,3026,34.0632,-118.246,"DTLA",220,194
2017,6,3027,34.05,-118.247,"DTLA",306,244
2017,6,3028,34.0583,-118.246,"DTLA",131,47
2017,6,3029,34.0489,-118.246,"DTLA",270,190
2017,6,3030,34.0519,-118.244,"DTLA",632,550
2017,6,3031,34.0447,-118.252,"DTLA",717,776
2017,6,3032,34.0499,-118.256,"DTLA",395,424
2017,6,3033,34.041,-118.256,"DTLA",124,114
2017,6,3034,34.0421,-118.263,"DTLA",407,479
2017,6,3035,34.0484,-118.261,"DTLA",522,602
2017,6,3036,34.0392,-118.233,"DTLA",152,180
2017,6,3037,34.0348,-118.231,"DTLA",158,222
2017,6,3038,34.0468,-118.248,"DTLA",523,541
2017,6,3040,34.0536,-118.266,"DTLA",128,103
2017,6,3042,34.0493,-118.239,"DTLA",589,734
2017,6,3045,34.0285,-118.257,"DTLA",28,36
2017,6,3046,34.053,-118.248,"DTLA",155,136
2017,6,3047,34.04,-118.266,"DTLA",368,334
2017,6,3048,34.0417,-118.235,"DTLA",440,453
2017,6,3049,34.057,-118.254,"DTLA",407,271
2017,6,3051,34.0454,-118.254,"DTLA",263,294
2017,6,3052,34.0511,-118.265,"DTLA",307,184
2017,6,3054,34.0392,-118.236,"DTLA",171,183
2017,6,3055,34.0442,-118.252,"DTLA",396,323
2017,6,3056,34.0375,-118.265,"DTLA",145,152
2017,6,3057,34.0357,-118.271,"DTLA",67,106
2017,6,3058,34.0358,-118.233,"DTLA",210,197
2017,6,3060,34.0349,-118.258,"DTLA",71,90
2017,6,3062,34.0477,-118.243,"DTLA",301,305
2017,6,3063,34.048,-118.254,"DTLA",465,646
2017,6,3064,34.0468,-118.257,"DTLA",719,675
2017,6,3065,34.0606,-118.238,"DTLA",109,117
2017,6,3066,34.0634,-118.236,"DTLA",325,353
2017,6,3067,34.0452,-118.25,"DTLA",535,442
2017,6,3068,34.0532,-118.251,"DTLA",610,140
2017,6,3069,34.0509,-118.248,"DTLA",663,656
2017,6,3074,34.0442,-118.261,"DTLA",412,368
2017,6,3075,34.0421,-118.256,"DTLA",309,374
2017,6,3076,34.0406,-118.254,"DTLA",265,269
2017,6,3077,34.0399,-118.25,"DTLA",64,81
2017,6,3078,34.0643,-118.239,"DTLA",106,84
2017,6,3079,34.0501,-118.233,"DTLA",79,92
2017,6,3080,34.0342,-118.255,"DTLA",27,29
2017,6,3081,34.0319,-118.25,"DTLA",51,41
2017,6,3082,34.0465,-118.237,"DTLA",731,814
2017,6,4108,34.0259,-118.238,"DTLA",21,25
2017,6,4138,34.1457,-118.148,"Pasadena",1,1
2017,6,4142,34.1446,-118.145,"Pasadena",1,1
2017,6,4143,34.1457,-118.144,"Pasadena",2,2
2017,6,4144,34.1424,-118.133,"Pasadena",1,1
2017,6,4146,34.1478,-118.145,"Pasadena",3,3
2017,6,4148,34.1497,-118.145,"Pasadena",2,2
2017,6,4150,34.1543,-118.142,"Pasadena",3,3
2017,6,4151,34.1424,-118.142,"Pasadena",4,4
2017,6,4155,34.1478,-118.132,"Pasadena",2,1
2017,6,4156,34.1499,-118.138,"Pasadena",2,3
2017,6,4157,34.141,-118.132,"Pasadena",3,4
2017,6,4159,34.1459,-118.117,"Pasadena",3,3
2017,6,4160,34.133,-118.149,"Pasadena",2,2
2017,6,4162,34.1475,-118.148,"Pasadena",3,3
2017,6,4163,34.1505,-118.132,"Pasadena",2,1
2017,6,4165,34.1418,-118.149,"Pasadena",1,1
2017,6,4167,34.1438,-118.154,"Pasadena",4,4
2017,6,4169,34.147,-118.14,"Pasadena",2,2
2017,6,4170,34.1607,-118.132,"Pasadena",1,1
2017,6,4176,34.1379,-118.122,"Pasadena",3,3
2017,6,4177,34.145,-118.138,"Pasadena",4,4
2017,6,4181,34.1462,-118.135,"Pasadena",2,2
2017,7,3000,NULL,NULL,"N/A",42,324
2017,7,3005,34.0485,-118.259,"DTLA",932,1039
2017,7,3006,34.0455,-118.257,"DTLA",384,392
2017,7,3007,34.0505,-118.255,"DTLA",363,287
2017,7,3008,34.0466,-118.263,"DTLA",359,366
2017,7,3010,34.037,-118.255,"DTLA",54,59
2017,7,3011,34.0411,-118.268,"DTLA",198,301
2017,7,3014,34.0566,-118.237,"DTLA",619,681
2017,7,3016,34.0529,-118.242,"DTLA",172,169
2017,7,3018,34.0437,-118.26,"DTLA",242,248
2017,7,3019,34.0386,-118.261,"DTLA",179,228
2017,7,3020,34.0311,-118.267,"DTLA",57,65
2017,7,3022,34.0461,-118.233,"DTLA",490,508
2017,7,3023,34.0509,-118.241,"DTLA",183,209
2017,7,3024,34.0577,-118.249,"DTLA",139,73
2017,7,3025,34.0329,-118.268,"DTLA",92,93
2017,7,3026,34.0632,-118.246,"DTLA",200,163
2017,7,3027,34.05,-118.247,"DTLA",327,246
2017,7,3028,34.0583,-118.246,"DTLA",129,61
2017,7,3029,34.0489,-118.246,"DTLA",158,133
2017,7,3030,34.0519,-118.244,"DTLA",478,407
2017,7,3031,34.0447,-118.252,"DTLA",683,742
2017,7,3032,34.0499,-118.256,"DTLA",383,431
2017,7,3033,34.041,-118.256,"DTLA",97,115
2017,7,3034,34.0421,-118.263,"DTLA",432,464
2017,7,3035,34.0484,-118.261,"DTLA",527,570
2017,7,3036,34.0392,-118.233,"DTLA",139,187
2017,7,3037,34.0348,-118.231,"DTLA",150,189
2017,7,3038,34.0468,-118.248,"DTLA",476,468
2017,7,3040,34.0536,-118.266,"DTLA",137,95
2017,7,3042,34.0493,-118.239,"DTLA",502,623
2017,7,3045,34.0285,-118.257,"DTLA",43,52
2017,7,3046,34.053,-118.248,"DTLA",196,127
2017,7,3047,34.04,-118.266,"DTLA",333,349
2017,7,3048,34.0417,-118.235,"DTLA",428,474
2017,7,3049,34.057,-118.254,"DTLA",374,292
2017,7,3051,34.0454,-118.254,"DTLA",253,283
2017,7,3052,34.0511,-118.265,"DTLA",345,207
2017,7,3054,34.0392,-118.236,"DTLA",196,196
2017,7,3055,34.0442,-118.252,"DTLA",449,363
2017,7,3056,34.0375,-118.265,"DTLA",132,154
2017,7,3057,34.0357,-118.271,"DTLA",70,89
2017,7,3058,34.0358,-118.233,"DTLA",189,202
2017,7,3060,34.0349,-118.258,"DTLA",45,44
2017,7,3062,34.0477,-118.243,"DTLA",290,281
2017,7,3063,34.048,-118.254,"DTLA",319,386
2017,7,3064,34.0468,-118.257,"DTLA",846,757
2017,7,3065,34.0606,-118.238,"DTLA",113,99
2017,7,3066,34.0634,-118.236,"DTLA",233,228
2017,7,3067,34.0452,-118.25,"DTLA",608,555
2017,7,3068,34.0532,-118.251,"DTLA",531,154
2017,7,3069,34.0509,-118.248,"DTLA",621,698
2017,7,3074,34.0442,-118.261,"DTLA",423,365
2017,7,3075,34.0421,-118.256,"DTLA",352,402
2017,7,3076,34.0406,-118.254,"DTLA",287,279
2017,7,3077,34.0399,-118.25,"DTLA",95,109
2017,7,3078,34.0643,-118.239,"DTLA",123,118
2017,7,3079,34.0501,-118.233,"DTLA",55,75
2017,7,3080,34.0342,-118.255,"DTLA",23,39
2017,7,3081,34.0319,-118.25,"DTLA",29,33
2017,7,3082,34.0465,-118.237,"DTLA",711,763
2017,7,4108,34.0259,-118.238,"DTLA",8,13
2017,7,4125,33.7667,-118.261,"Port of LA",3,2
2017,7,4126,33.711,-118.285,"Port of LA",11,12
2017,7,4127,33.7489,-118.275,"Port of LA",3,5
2017,7,4129,33.7258,-118.281,"Port of LA",8,10
2017,7,4130,33.7193,-118.283,"Port of LA",4,3
2017,7,4131,33.739,-118.279,"Port of LA",29,25
2017,7,4132,33.7491,-118.28,"Port of LA",11,9
2017,7,4133,33.7335,-118.278,"Port of LA",9,9
2017,7,4134,33.7414,-118.278,"Port of LA",4,6
2017,7,4135,33.7723,-118.268,"Port of LA",12,12
2017,7,4136,33.7718,-118.277,"Port of LA",1,2
2017,7,4138,34.1457,-118.148,"Pasadena",151,169
2017,7,4142,34.1446,-118.145,"Pasadena",169,164
2017,7,4144,34.1424,-118.133,"Pasadena",145,144
2017,7,4146,34.1478,-118.145,"Pasadena",138,127
2017,7,4147,34.1452,-118.15,"Pasadena",190,237
2017,7,4148,34.1497,-118.145,"Pasadena",27,32
2017,7,4149,34.1382,-118.147,"Pasadena",85,79
2017,7,4150,34.1543,-118.142,"Pasadena",93,90
2017,7,4151,34.1424,-118.142,"Pasadena",163,151
2017,7,4152,34.1497,-118.16,"Pasadena",79,40
2017,7,4153,34.1562,-118.167,"Pasadena",160,159
2017,7,4154,34.1561,-118.151,"Pasadena",112,110
2017,7,4155,34.1478,-118.132,"Pasadena",61,46
2017,7,4156,34.1499,-118.138,"Pasadena",67,57
2017,7,4157,34.141,-118.132,"Pasadena",174,170
2017,7,4158,34.1353,-118.132,"Pasadena",104,111
2017,7,4159,34.1459,-118.117,"Pasadena",164,181
2017,7,4160,34.133,-118.149,"Pasadena",80,113
2017,7,4162,34.1475,-118.148,"Pasadena",199,206
2017,7,4163,34.1505,-118.132,"Pasadena",110,115
2017,7,4165,34.1418,-118.149,"Pasadena",196,195
2017,7,4166,34.1459,-118.122,"Pasadena",108,73
2017,7,4167,34.1438,-118.154,"Pasadena",120,124
2017,7,4169,34.147,-118.14,"Pasadena",125,114
2017,7,4170,34.1607,-118.132,"Pasadena",55,39
2017,7,4174,34.1653,-118.151,"Pasadena",71,42
2017,7,4176,34.1379,-118.122,"Pasadena",129,144
2017,7,4177,34.145,-118.138,"Pasadena",157,148
2017,7,4180,34.138,-118.129,"Pasadena",108,114
2017,7,4181,34.1462,-118.135,"Pasadena",223,211
2017,7,4183,34.1461,-118.129,"Pasadena",174,158
2017,7,4194,34.0567,-118.231,"DTLA",11,6
2017,8,3000,NULL,NULL,"N/A",9,333
2017,8,3005,34.0485,-118.259,"DTLA",921,1009
2017,8,3006,34.0455,-118.257,"DTLA",390,411
2017,8,3007,34.0505,-118.255,"DTLA",438,413
2017,8,3008,34.0466,-118.263,"DTLA",334,329
2017,8,3010,34.037,-118.255,"DTLA",41,61
2017,8,3011,34.0411,-118.268,"DTLA",232,293
2017,8,3013,33.7798,-118.263,"Port of LA",72,70
2017,8,3014,34.0566,-118.237,"DTLA",671,707
2017,8,3016,34.0529,-118.242,"DTLA",186,158
2017,8,3018,34.0437,-118.26,"DTLA",317,371
2017,8,3019,34.0386,-118.261,"DTLA",220,249
2017,8,3020,34.0311,-118.267,"DTLA",27,49
2017,8,3022,34.0461,-118.233,"DTLA",443,476
2017,8,3023,34.0509,-118.241,"DTLA",164,176
2017,8,3024,34.0577,-118.249,"DTLA",145,89
2017,8,3025,34.0329,-118.268,"DTLA",82,78
2017,8,3026,34.0632,-118.246,"DTLA",194,134
2017,8,3027,34.05,-118.247,"DTLA",336,226
2017,8,3028,34.0583,-118.246,"DTLA",169,62
2017,8,3029,34.0489,-118.246,"DTLA",211,152
2017,8,3030,34.0519,-118.244,"DTLA",622,563
2017,8,3031,34.0447,-118.252,"DTLA",639,719
2017,8,3032,34.0499,-118.256,"DTLA",443,500
2017,8,3033,34.041,-118.256,"DTLA",88,97
2017,8,3034,34.0421,-118.263,"DTLA",405,395
2017,8,3035,34.0484,-118.261,"DTLA",497,535
2017,8,3036,34.0392,-118.233,"DTLA",104,165
2017,8,3037,34.0348,-118.231,"DTLA",92,140
2017,8,3038,34.0468,-118.248,"DTLA",377,443
2017,8,3040,34.0536,-118.266,"DTLA",112,77
2017,8,3042,34.0493,-118.239,"DTLA",471,628
2017,8,3045,34.0285,-118.257,"DTLA",50,76
2017,8,3046,34.053,-118.248,"DTLA",161,144
2017,8,3047,34.04,-118.266,"DTLA",296,289
2017,8,3048,34.0417,-118.235,"DTLA",340,375
2017,8,3049,34.057,-118.254,"DTLA",446,309
2017,8,3051,34.0454,-118.254,"DTLA",253,305
2017,8,3052,34.0511,-118.265,"DTLA",346,215
2017,8,3054,34.0392,-118.236,"DTLA",160,176
2017,8,3055,34.0442,-118.252,"DTLA",398,315
2017,8,3056,34.0375,-118.265,"DTLA",107,141
2017,8,3057,34.0357,-118.271,"DTLA",57,93
2017,8,3058,34.0358,-118.233,"DTLA",161,162
2017,8,3060,34.0349,-118.258,"DTLA",60,68
2017,8,3062,34.0477,-118.243,"DTLA",281,291
2017,8,3064,34.0468,-118.257,"DTLA",740,763
2017,8,3065,34.0606,-118.238,"DTLA",83,118
2017,8,3066,34.0634,-118.236,"DTLA",277,284
2017,8,3067,34.0452,-118.25,"DTLA",448,467
2017,8,3068,34.0532,-118.251,"DTLA",576,132
2017,8,3069,34.0509,-118.248,"DTLA",581,580
2017,8,3074,34.0442,-118.261,"DTLA",430,380
2017,8,3075,34.0421,-118.256,"DTLA",385,400
2017,8,3076,34.0406,-118.254,"DTLA",294,266
2017,8,3077,34.0399,-118.25,"DTLA",62,97
2017,8,3078,34.0643,-118.239,"DTLA",114,85
2017,8,3079,34.0501,-118.233,"DTLA",53,40
2017,8,3080,34.0342,-118.255,"DTLA",18,24
2017,8,3081,34.0319,-118.25,"DTLA",68,69
2017,8,3082,34.0465,-118.237,"DTLA",675,719
2017,8,4108,34.0259,-118.238,"DTLA",11,18
2017,8,4125,33.7667,-118.261,"Port of LA",27,22
2017,8,4126,33.711,-118.285,"Port of LA",246,225
2017,8,4127,33.7489,-118.275,"Port of LA",50,50
2017,8,4129,33.7258,-118.281,"Port of LA",125,135
2017,8,4130,33.7193,-118.283,"Port of LA",149,157
2017,8,4131,33.739,-118.279,"Port of LA",285,281
2017,8,4132,33.7491,-118.28,"Port of LA",168,155
2017,8,4133,33.7335,-118.278,"Port of LA",92,117
2017,8,4134,33.7414,-118.278,"Port of LA",72,53
2017,8,4135,33.7723,-118.268,"Port of LA",162,167
2017,8,4136,33.7718,-118.277,"Port of LA",65,59
2017,8,4138,34.1457,-118.148,"Pasadena",247,212
2017,8,4142,34.1446,-118.145,"Pasadena",238,265
2017,8,4144,34.1424,-118.133,"Pasadena",186,182
2017,8,4146,34.1478,-118.145,"Pasadena",176,166
2017,8,4147,34.1452,-118.15,"Pasadena",173,198
2017,8,4148,34.1497,-118.145,"Pasadena",110,81
2017,8,4149,34.1382,-118.147,"Pasadena",105,116
2017,8,4150,34.1543,-118.142,"Pasadena",178,168
2017,8,4151,34.1424,-118.142,"Pasadena",259,228
2017,8,4152,34.1497,-118.16,"Pasadena",75,55
2017,8,4153,34.1562,-118.167,"Pasadena",332,344
2017,8,4154,34.1561,-118.151,"Pasadena",147,109
2017,8,4155,34.1478,-118.132,"Pasadena",130,95
2017,8,4156,34.1499,-118.138,"Pasadena",101,118
2017,8,4157,34.141,-118.132,"Pasadena",227,246
2017,8,4158,34.1353,-118.132,"Pasadena",147,191
2017,8,4159,34.1459,-118.117,"Pasadena",325,319
2017,8,4160,34.133,-118.149,"Pasadena",169,231
2017,8,4162,34.1475,-118.148,"Pasadena",396,385
2017,8,4163,34.1505,-118.132,"Pasadena",196,166
2017,8,4165,34.1418,-118.149,"Pasadena",274,356
2017,8,4166,34.1459,-118.122,"Pasadena",176,151
2017,8,4167,34.1438,-118.154,"Pasadena",164,152
2017,8,4169,34.147,-118.14,"Pasadena",194,178
2017,8,4170,34.1607,-118.132,"Pasadena",66,53
2017,8,4174,34.1653,-118.151,"Pasadena",72,58
2017,8,4176,34.1379,-118.122,"Pasadena",299,279
2017,8,4177,34.145,-118.138,"Pasadena",267,276
2017,8,4180,34.138,-118.129,"Pasadena",300,340
2017,8,4181,34.1462,-118.135,"Pasadena",335,285
2017,8,4183,34.1461,-118.129,"Pasadena",266,229
2017,8,4194,34.0567,-118.231,"DTLA",53,45
2017,9,3000,NULL,NULL,"N/A",8,83
2017,9,3005,34.0485,-118.259,"DTLA",898,1005
2017,9,3006,34.0455,-118.257,"DTLA",402,379
2017,9,3007,34.0505,-118.255,"DTLA",429,324
2017,9,3008,34.0466,-118.263,"DTLA",267,302
2017,9,3010,34.037,-118.255,"DTLA",51,67
2017,9,3011,34.0411,-118.268,"DTLA",138,162
2017,9,3013,33.7798,-118.263,"Port of LA",10,15
2017,9,3014,34.0566,-118.237,"DTLA",600,663
2017,9,3016,34.0529,-118.242,"DTLA",147,108
2017,9,3018,34.0437,-118.26,"DTLA",250,303
2017,9,3019,34.0386,-118.261,"DTLA",186,198
2017,9,3020,34.0311,-118.267,"DTLA",47,71
2017,9,3022,34.0461,-118.233,"DTLA",397,439
2017,9,3023,34.0509,-118.241,"DTLA",137,164
2017,9,3024,34.0577,-118.249,"DTLA",95,43
2017,9,3025,34.0329,-118.268,"DTLA",97,87
2017,9,3026,34.0632,-118.246,"DTLA",250,176
2017,9,3027,34.05,-118.247,"DTLA",284,210
2017,9,3028,34.0583,-118.246,"DTLA",159,57
2017,9,3029,34.0489,-118.246,"DTLA",263,193
2017,9,3030,34.0519,-118.244,"DTLA",604,513
2017,9,3031,34.0447,-118.252,"DTLA",588,727
2017,9,3032,34.0499,-118.256,"DTLA",307,369
2017,9,3033,34.041,-118.256,"DTLA",116,116
2017,9,3034,34.0421,-118.263,"DTLA",329,371
2017,9,3035,34.0484,-118.261,"DTLA",417,497
2017,9,3036,34.0392,-118.233,"DTLA",89,122
2017,9,3037,34.0348,-118.231,"DTLA",113,119
2017,9,3038,34.0468,-118.248,"DTLA",403,376
2017,9,3040,34.0536,-118.266,"DTLA",108,60
2017,9,3042,34.0493,-118.239,"DTLA",425,528
2017,9,3045,34.0285,-118.257,"DTLA",69,65
2017,9,3046,34.053,-118.248,"DTLA",139,117
2017,9,3047,34.04,-118.266,"DTLA",259,259
2017,9,3048,34.0417,-118.235,"DTLA",305,303
2017,9,3049,34.057,-118.254,"DTLA",412,337
2017,9,3051,34.0454,-118.254,"DTLA",199,221
2017,9,3052,34.0511,-118.265,"DTLA",273,139
2017,9,3054,34.0392,-118.236,"DTLA",123,138
2017,9,3055,34.0442,-118.252,"DTLA",394,318
2017,9,3056,34.0375,-118.265,"DTLA",101,130
2017,9,3057,34.0357,-118.271,"DTLA",52,69
2017,9,3058,34.0358,-118.233,"DTLA",159,183
2017,9,3060,34.0349,-118.258,"DTLA",24,32
2017,9,3062,34.0477,-118.243,"DTLA",296,304
2017,9,3063,34.048,-118.254,"DTLA",275,347
2017,9,3064,34.0468,-118.257,"DTLA",593,654
2017,9,3065,34.0606,-118.238,"DTLA",71,86
2017,9,3066,34.0634,-118.236,"DTLA",297,250
2017,9,3067,34.0452,-118.25,"DTLA",448,361
2017,9,3068,34.0532,-118.251,"DTLA",521,108
2017,9,3069,34.0509,-118.248,"DTLA",492,590
2017,9,3074,34.0442,-118.261,"DTLA",303,299
2017,9,3075,34.0421,-118.256,"DTLA",311,328
2017,9,3076,34.0406,-118.254,"DTLA",236,216
2017,9,3077,34.0399,-118.25,"DTLA",60,102
2017,9,3078,34.0643,-118.239,"DTLA",104,101
2017,9,3079,34.0501,-118.233,"DTLA",85,67
2017,9,3080,34.0342,-118.255,"DTLA",16,25
2017,9,3081,34.0319,-118.25,"DTLA",76,69
2017,9,3082,34.0465,-118.237,"DTLA",555,690
2017,9,4108,34.0259,-118.238,"DTLA",4,8
2017,9,4125,33.7667,-118.261,"Port of LA",6,6
2017,9,4126,33.711,-118.285,"Port of LA",125,122
2017,9,4127,33.7489,-118.275,"Port of LA",31,31
2017,9,4129,33.7258,-118.281,"Port of LA",95,89
2017,9,4130,33.7193,-118.283,"Port of LA",103,95
2017,9,4131,33.739,-118.279,"Port of LA",174,196
2017,9,4132,33.7491,-118.28,"Port of LA",132,132
2017,9,4133,33.7335,-118.278,"Port of LA",77,104
2017,9,4134,33.7414,-118.278,"Port of LA",86,53
2017,9,4135,33.7723,-118.268,"Port of LA",60,58
2017,9,4136,33.7718,-118.277,"Port of LA",29,24
2017,9,4138,34.1457,-118.148,"Pasadena",150,193
2017,9,4142,34.1446,-118.145,"Pasadena",115,109
2017,9,4144,34.1424,-118.133,"Pasadena",127,142
2017,9,4146,34.1478,-118.145,"Pasadena",83,67
2017,9,4147,34.1452,-118.15,"Pasadena",144,155
2017,9,4148,34.1497,-118.145,"Pasadena",67,50
2017,9,4149,34.1382,-118.147,"Pasadena",69,103
2017,9,4150,34.1543,-118.142,"Pasadena",137,118
2017,9,4151,34.1424,-118.142,"Pasadena",164,152
2017,9,4152,34.1497,-118.16,"Pasadena",86,53
2017,9,4153,34.1562,-118.167,"Pasadena",244,249
2017,9,4154,34.1561,-118.151,"Pasadena",129,103
2017,9,4155,34.1478,-118.132,"Pasadena",77,53
2017,9,4156,34.1499,-118.138,"Pasadena",85,90
2017,9,4157,34.141,-118.132,"Pasadena",196,179
2017,9,4158,34.1353,-118.132,"Pasadena",106,126
2017,9,4159,34.1459,-118.117,"Pasadena",273,277
2017,9,4160,34.133,-118.149,"Pasadena",106,161
2017,9,4162,34.1475,-118.148,"Pasadena",323,326
2017,9,4163,34.1505,-118.132,"Pasadena",204,154
2017,9,4165,34.1418,-118.149,"Pasadena",251,240
2017,9,4166,34.1459,-118.122,"Pasadena",160,126
2017,9,4167,34.1438,-118.154,"Pasadena",94,94
2017,9,4169,34.147,-118.14,"Pasadena",104,99
2017,9,4170,34.1607,-118.132,"Pasadena",63,37
2017,9,4174,34.1653,-118.151,"Pasadena",34,17
2017,9,4176,34.1379,-118.122,"Pasadena",177,187
2017,9,4177,34.145,-118.138,"Pasadena",142,187
2017,9,4180,34.138,-118.129,"Pasadena",219,236
2017,9,4181,34.1462,-118.135,"Pasadena",206,197
2017,9,4183,34.1461,-118.129,"Pasadena",166,152
2017,9,4194,34.0567,-118.231,"DTLA",44,30
2017,9,4202,33.9912,-118.468,"Venice",246,282
2017,9,4204,33.9884,-118.452,"Venice",120,85
2017,9,4205,33.9938,-118.454,"Venice",111,90
2017,9,4206,33.9983,-118.461,"Venice",80,78
2017,9,4207,34.0009,-118.469,"Venice",95,84
2017,9,4208,33.9987,-118.473,"Venice",117,76
2017,9,4209,33.9962,-118.477,"Venice",270,200
2017,9,4210,33.9843,-118.472,"Venice",821,666
2017,9,4211,33.9849,-118.47,"Venice",227,155
2017,9,4212,33.9881,-118.472,"Venice",265,216
2017,9,4213,33.9954,-118.465,"Venice",48,40
2017,9,4214,33.9956,-118.482,"Venice",831,694
2017,9,4215,34.0143,-118.491,"Venice",408,907
2017,9,4216,34.0234,-118.48,"Venice",76,87
2017,10,3000,NULL,NULL,"N/A",197,505
2017,10,3005,34.0485,-118.259,"DTLA",1007,1141
2017,10,3006,34.0455,-118.257,"DTLA",375,390
2017,10,3007,34.0505,-118.255,"DTLA",428,334
2017,10,3008,34.0466,-118.263,"DTLA",323,332
2017,10,3010,34.037,-118.255,"DTLA",23,42
2017,10,3011,34.0411,-118.268,"DTLA",298,336
2017,10,3013,33.7798,-118.263,"Port of LA",7,5
2017,10,3014,34.0566,-118.237,"DTLA",646,724
2017,10,3016,34.0529,-118.242,"DTLA",138,105
2017,10,3018,34.0437,-118.26,"DTLA",208,223
2017,10,3019,34.0386,-118.261,"DTLA",208,223
2017,10,3020,34.0311,-118.267,"DTLA",23,29
2017,10,3022,34.0461,-118.233,"DTLA",506,541
2017,10,3023,34.0509,-118.241,"DTLA",197,265
2017,10,3024,34.0577,-118.249,"DTLA",139,72
2017,10,3025,34.0329,-118.268,"DTLA",83,79
2017,10,3026,34.0632,-118.246,"DTLA",275,180
2017,10,3027,34.05,-118.247,"DTLA",283,221
2017,10,3028,34.0583,-118.246,"DTLA",147,72
2017,10,3029,34.0489,-118.246,"DTLA",256,194
2017,10,3030,34.0519,-118.244,"DTLA",594,515
2017,10,3031,34.0447,-118.252,"DTLA",568,676
2017,10,3032,34.0499,-118.256,"DTLA",349,358
2017,10,3033,34.041,-118.256,"DTLA",87,101
2017,10,3034,34.0421,-118.263,"DTLA",358,394
2017,10,3035,34.0484,-118.261,"DTLA",495,515
2017,10,3036,34.0392,-118.233,"DTLA",101,143
2017,10,3037,34.0348,-118.231,"DTLA",111,106
2017,10,3038,34.0468,-118.248,"DTLA",449,420
2017,10,3040,34.0536,-118.266,"DTLA",125,81
2017,10,3042,34.0493,-118.239,"DTLA",503,657
2017,10,3045,34.0285,-118.257,"DTLA",30,61
2017,10,3046,34.053,-118.248,"DTLA",338,319
2017,10,3047,34.04,-118.266,"DTLA",224,242
2017,10,3048,34.0417,-118.235,"DTLA",406,422
2017,10,3049,34.057,-118.254,"DTLA",650,470
2017,10,3051,34.0454,-118.254,"DTLA",263,269
2017,10,3052,34.0511,-118.265,"DTLA",231,155
2017,10,3054,34.0392,-118.236,"DTLA",133,157
2017,10,3055,34.0442,-118.252,"DTLA",384,332
2017,10,3056,34.0375,-118.265,"DTLA",76,81
2017,10,3057,34.0357,-118.271,"DTLA",63,70
2017,10,3058,34.0358,-118.233,"DTLA",154,144
2017,10,3060,34.0349,-118.258,"DTLA",35,18
2017,10,3062,34.0477,-118.243,"DTLA",283,368
2017,10,3063,34.048,-118.254,"DTLA",382,491
2017,10,3064,34.0468,-118.257,"DTLA",608,698
2017,10,3065,34.0606,-118.238,"DTLA",105,120
2017,10,3066,34.0634,-118.236,"DTLA",337,335
2017,10,3067,34.0452,-118.25,"DTLA",457,384
2017,10,3068,34.0532,-118.251,"DTLA",633,158
2017,10,3069,34.0509,-118.248,"DTLA",601,658
2017,10,3074,34.0442,-118.261,"DTLA",313,318
2017,10,3075,34.0421,-118.256,"DTLA",330,334
2017,10,3076,34.0406,-118.254,"DTLA",233,239
2017,10,3077,34.0399,-118.25,"DTLA",54,87
2017,10,3078,34.0643,-118.239,"DTLA",192,180
2017,10,3079,34.0501,-118.233,"DTLA",91,111
2017,10,3080,34.0342,-118.255,"DTLA",20,27
2017,10,3081,34.0319,-118.25,"DTLA",95,69
2017,10,3082,34.0465,-118.237,"DTLA",688,767
2017,10,4108,34.0259,-118.238,"DTLA",3,8
2017,10,4125,33.7667,-118.261,"Port of LA",10,9
2017,10,4126,33.711,-118.285,"Port of LA",145,143
2017,10,4127,33.7489,-118.275,"Port of LA",22,23
2017,10,4129,33.7258,-118.281,"Port of LA",109,101
2017,10,4130,33.7193,-118.283,"Port of LA",92,87
2017,10,4131,33.739,-118.279,"Port of LA",140,144
2017,10,4132,33.7491,-118.28,"Port of LA",72,72
2017,10,4133,33.7335,-118.278,"Port of LA",38,48
2017,10,4134,33.7414,-118.278,"Port of LA",31,21
2017,10,4135,33.7723,-118.268,"Port of LA",31,30
2017,10,4136,33.7718,-118.277,"Port of LA",15,16
2017,10,4138,34.1457,-118.148,"Pasadena",152,144
2017,10,4142,34.1446,-118.145,"Pasadena",192,190
2017,10,4144,34.1424,-118.133,"Pasadena",142,108
2017,10,4146,34.1478,-118.145,"Pasadena",92,96
2017,10,4147,34.1452,-118.15,"Pasadena",108,114
2017,10,4148,34.1497,-118.145,"Pasadena",48,35
2017,10,4149,34.1382,-118.147,"Pasadena",68,69
2017,10,4150,34.1543,-118.142,"Pasadena",94,85
2017,10,4151,34.1424,-118.142,"Pasadena",141,115
2017,10,4152,34.1497,-118.16,"Pasadena",83,51
2017,10,4153,34.1562,-118.167,"Pasadena",190,198
2017,10,4154,34.1561,-118.151,"Pasadena",82,58
2017,10,4155,34.1478,-118.132,"Pasadena",47,37
2017,10,4156,34.1499,-118.138,"Pasadena",149,139
2017,10,4157,34.141,-118.132,"Pasadena",132,146
2017,10,4158,34.1353,-118.132,"Pasadena",95,125
2017,10,4159,34.1459,-118.117,"Pasadena",138,168
2017,10,4160,34.133,-118.149,"Pasadena",132,182
2017,10,4162,34.1475,-118.148,"Pasadena",203,239
2017,10,4163,34.1505,-118.132,"Pasadena",192,116
2017,10,4165,34.1418,-118.149,"Pasadena",229,259
2017,10,4166,34.1459,-118.122,"Pasadena",127,113
2017,10,4167,34.1438,-118.154,"Pasadena",91,98
2017,10,4169,34.147,-118.14,"Pasadena",111,107
2017,10,4170,34.1607,-118.132,"Pasadena",60,17
2017,10,4174,34.1653,-118.151,"Pasadena",28,14
2017,10,4176,34.1379,-118.122,"Pasadena",169,158
2017,10,4177,34.145,-118.138,"Pasadena",186,245
2017,10,4180,34.138,-118.129,"Pasadena",184,179
2017,10,4181,34.1462,-118.135,"Pasadena",193,182
2017,10,4183,34.1461,-118.129,"Pasadena",130,135
2017,10,4202,33.9912,-118.468,"Venice",376,355
2017,10,4204,33.9884,-118.452,"Venice",149,122
2017,10,4205,33.9938,-118.454,"Venice",145,98
2017,10,4206,33.9983,-118.461,"Venice",110,110
2017,10,4207,34.0009,-118.469,"Venice",138,142
2017,10,4208,33.9987,-118.473,"Venice",131,108
2017,10,4209,33.9962,-118.477,"Venice",301,277
2017,10,4210,33.9843,-118.472,"Venice",943,792
2017,10,4211,33.9849,-118.47,"Venice",295,242
2017,10,4212,33.9881,-118.472,"Venice",322,254
2017,10,4213,33.9954,-118.465,"Venice",48,35
2017,10,4214,33.9956,-118.482,"Venice",1293,1114
2017,10,4215,34.0143,-118.491,"Venice",627,1140
2017,10,4216,34.0234,-118.48,"Venice",78,109
2017,10,4220,34.0748,-118.259,"DTLA",256,239
2017,11,3000,NULL,NULL,"N/A",12,359
2017,11,3005,34.0485,-118.259,"DTLA",856,1001
2017,11,3006,34.0455,-118.257,"DTLA",394,360
2017,11,3007,34.0505,-118.255,"DTLA",353,256
2017,11,3008,34.0466,-118.263,"DTLA",270,299
2017,11,3010,34.037,-118.255,"DTLA",25,33
2017,11,3011,34.0411,-118.268,"DTLA",132,163
2017,11,3013,33.7798,-118.263,"Port of LA",7,5
2017,11,3014,34.0566,-118.237,"DTLA",540,599
2017,11,3016,34.0529,-118.242,"DTLA",95,83
2017,11,3018,34.0437,-118.26,"DTLA",182,165
2017,11,3019,34.0386,-118.261,"DTLA",173,205
2017,11,3020,34.0311,-118.267,"DTLA",33,36
2017,11,3022,34.0461,-118.233,"DTLA",454,434
2017,11,3023,34.0509,-118.241,"DTLA",102,155
2017,11,3024,34.0577,-118.249,"DTLA",112,51
2017,11,3025,34.0329,-118.268,"DTLA",73,77
2017,11,3026,34.0632,-118.246,"DTLA",199,127
2017,11,3027,34.05,-118.247,"DTLA",245,180
2017,11,3028,34.0583,-118.246,"DTLA",150,50
2017,11,3029,34.0489,-118.246,"DTLA",232,170
2017,11,3030,34.0519,-118.244,"DTLA",501,431
2017,11,3031,34.0447,-118.252,"DTLA",467,567
2017,11,3032,34.0499,-118.256,"DTLA",223,310
2017,11,3033,34.041,-118.256,"DTLA",68,91
2017,11,3034,34.0421,-118.263,"DTLA",315,359
2017,11,3035,34.0484,-118.261,"DTLA",436,467
2017,11,3036,34.0392,-118.233,"DTLA",120,159
2017,11,3037,34.0348,-118.231,"DTLA",90,100
2017,11,3038,34.0468,-118.248,"DTLA",385,358
2017,11,3040,34.0536,-118.266,"DTLA",107,60
2017,11,3042,34.0493,-118.239,"DTLA",419,508
2017,11,3045,34.0285,-118.257,"DTLA",30,41
2017,11,3046,34.053,-118.248,"DTLA",163,173
2017,11,3047,34.04,-118.266,"DTLA",230,220
2017,11,3048,34.0417,-118.235,"DTLA",388,384
2017,11,3049,34.057,-118.254,"DTLA",406,314
2017,11,3051,34.0454,-118.254,"DTLA",210,208
2017,11,3052,34.0511,-118.265,"DTLA",267,145
2017,11,3054,34.0392,-118.236,"DTLA",106,124
2017,11,3055,34.0442,-118.252,"DTLA",331,253
2017,11,3056,34.0375,-118.265,"DTLA",62,88
2017,11,3057,34.0357,-118.271,"DTLA",75,98
2017,11,3058,34.0358,-118.233,"DTLA",147,144
2017,11,3060,34.0349,-118.258,"DTLA",48,48
2017,11,3062,34.0477,-118.243,"DTLA",283,270
2017,11,3063,34.048,-118.254,"DTLA",325,468
2017,11,3064,34.0468,-118.257,"DTLA",609,621
2017,11,3065,34.0606,-118.238,"DTLA",76,82
2017,11,3066,34.0634,-118.236,"DTLA",218,196
2017,11,3067,34.0452,-118.25,"DTLA",426,331
2017,11,3068,34.0532,-118.251,"DTLA",548,122
2017,11,3069,34.0509,-118.248,"DTLA",460,516
2017,11,3074,34.0442,-118.261,"DTLA",288,284
2017,11,3075,34.0421,-118.256,"DTLA",282,327
2017,11,3076,34.0406,-118.254,"DTLA",226,244
2017,11,3077,34.0399,-118.25,"DTLA",56,93
2017,11,3078,34.0643,-118.239,"DTLA",100,121
2017,11,3079,34.0501,-118.233,"DTLA",84,70
2017,11,3080,34.0342,-118.255,"DTLA",20,25
2017,11,3081,34.0319,-118.25,"DTLA",78,79
2017,11,3082,34.0465,-118.237,"DTLA",530,671
2017,11,4125,33.7667,-118.261,"Port of LA",8,7
2017,11,4126,33.711,-118.285,"Port of LA",127,115
2017,11,4127,33.7489,-118.275,"Port of LA",16,16
2017,11,4129,33.7258,-118.281,"Port of LA",47,52
2017,11,4130,33.7193,-118.283,"Port of LA",63,59
2017,11,4131,33.739,-118.279,"Port of LA",55,61
2017,11,4132,33.7491,-118.28,"Port of LA",83,80
2017,11,4133,33.7335,-118.278,"Port of LA",39,50
2017,11,4134,33.7414,-118.278,"Port of LA",25,18
2017,11,4135,33.7723,-118.268,"Port of LA",22,21
2017,11,4136,33.7718,-118.277,"Port of LA",17,17
2017,11,4138,34.1457,-118.148,"Pasadena",128,110
2017,11,4142,34.1446,-118.145,"Pasadena",109,119
2017,11,4144,34.1424,-118.133,"Pasadena",85,68
2017,11,4146,34.1478,-118.145,"Pasadena",56,56
2017,11,4147,34.1452,-118.15,"Pasadena",97,105
2017,11,4148,34.1497,-118.145,"Pasadena",43,37
2017,11,4149,34.1382,-118.147,"Pasadena",36,45
2017,11,4150,34.1543,-118.142,"Pasadena",84,78
2017,11,4151,34.1424,-118.142,"Pasadena",104,88
2017,11,4152,34.1497,-118.16,"Pasadena",50,29
2017,11,4153,34.1562,-118.167,"Pasadena",184,172
2017,11,4154,34.1561,-118.151,"Pasadena",54,40
2017,11,4155,34.1478,-118.132,"Pasadena",68,37
2017,11,4156,34.1499,-118.138,"Pasadena",60,71
2017,11,4157,34.141,-118.132,"Pasadena",108,91
2017,11,4158,34.1353,-118.132,"Pasadena",60,109
2017,11,4159,34.1459,-118.117,"Pasadena",120,123
2017,11,4160,34.133,-118.149,"Pasadena",87,116
2017,11,4162,34.1475,-118.148,"Pasadena",177,182
2017,11,4163,34.1505,-118.132,"Pasadena",108,104
2017,11,4165,34.1418,-118.149,"Pasadena",140,157
2017,11,4166,34.1459,-118.122,"Pasadena",84,88
2017,11,4167,34.1438,-118.154,"Pasadena",49,47
2017,11,4169,34.147,-118.14,"Pasadena",110,96
2017,11,4170,34.1607,-118.132,"Pasadena",44,23
2017,11,4174,34.1653,-118.151,"Pasadena",21,14
2017,11,4176,34.1379,-118.122,"Pasadena",133,119
2017,11,4177,34.145,-118.138,"Pasadena",114,150
2017,11,4180,34.138,-118.129,"Pasadena",108,135
2017,11,4181,34.1462,-118.135,"Pasadena",179,178
2017,11,4183,34.1461,-118.129,"Pasadena",147,108
2017,11,4202,33.9912,-118.468,"Venice",210,246
2017,11,4204,33.9884,-118.452,"Venice",150,134
2017,11,4205,33.9938,-118.454,"Venice",75,64
2017,11,4206,33.9983,-118.461,"Venice",103,97
2017,11,4207,34.0009,-118.469,"Venice",149,132
2017,11,4208,33.9987,-118.473,"Venice",105,82
2017,11,4209,33.9962,-118.477,"Venice",360,302
2017,11,4210,33.9843,-118.472,"Venice",617,573
2017,11,4211,33.9849,-118.47,"Venice",282,208
2017,11,4212,33.9881,-118.472,"Venice",308,248
2017,11,4213,33.9954,-118.465,"Venice",63,58
2017,11,4214,33.9956,-118.482,"Venice",1110,876
2017,11,4215,34.0143,-118.491,"Venice",582,1003
2017,11,4216,34.0234,-118.48,"Venice",74,94
2017,11,4220,34.0748,-118.259,"DTLA",153,146
2017,12,3000,NULL,NULL,"N/A",226,574
2017,12,3005,34.0485,-118.259,"DTLA",730,804
2017,12,3006,34.0455,-118.257,"DTLA",389,378
2017,12,3007,34.0505,-118.255,"DTLA",301,218
2017,12,3008,34.0466,-118.263,"DTLA",261,287
2017,12,3010,34.037,-118.255,"DTLA",35,43
2017,12,3011,34.0411,-118.268,"DTLA",157,244
2017,12,3013,33.7798,-118.263,"Port of LA",5,5
2017,12,3014,34.0566,-118.237,"DTLA",497,525
2017,12,3016,34.0529,-118.242,"DTLA",119,78
2017,12,3018,34.0437,-118.26,"DTLA",166,140
2017,12,3019,34.0386,-118.261,"DTLA",172,183
2017,12,3020,34.0311,-118.267,"DTLA",38,51
2017,12,3022,34.0461,-118.233,"DTLA",366,373
2017,12,3023,34.0509,-118.241,"DTLA",199,223
2017,12,3024,34.0577,-118.249,"DTLA",112,49
2017,12,3025,34.0329,-118.268,"DTLA",63,59
2017,12,3026,34.0632,-118.246,"DTLA",154,116
2017,12,3027,34.05,-118.247,"DTLA",301,244
2017,12,3028,34.0583,-118.246,"DTLA",141,47
2017,12,3029,34.0489,-118.246,"DTLA",266,226
2017,12,3030,34.0519,-118.244,"DTLA",458,405
2017,12,3031,34.0447,-118.252,"DTLA",553,614
2017,12,3032,34.0499,-118.256,"DTLA",256,303
2017,12,3033,34.041,-118.256,"DTLA",80,110
2017,12,3034,34.0421,-118.263,"DTLA",278,341
2017,12,3035,34.0484,-118.261,"DTLA",434,452
2017,12,3036,34.0392,-118.233,"DTLA",149,154
2017,12,3037,34.0348,-118.231,"DTLA",90,109
2017,12,3038,34.0468,-118.248,"DTLA",388,323
2017,12,3040,34.0536,-118.266,"DTLA",251,190
2017,12,3042,34.0493,-118.239,"DTLA",331,449
2017,12,3045,34.0285,-118.257,"DTLA",20,33
2017,12,3046,34.053,-118.248,"DTLA",131,150
2017,12,3047,34.04,-118.266,"DTLA",222,243
2017,12,3048,34.0417,-118.235,"DTLA",317,337
2017,12,3049,34.057,-118.254,"DTLA",371,292
2017,12,3051,34.0454,-118.254,"DTLA",261,268
2017,12,3052,34.0511,-118.265,"DTLA",257,161
2017,12,3054,34.0392,-118.236,"DTLA",91,145
2017,12,3055,34.0442,-118.252,"DTLA",307,274
2017,12,3056,34.0375,-118.265,"DTLA",60,63
2017,12,3057,34.0357,-118.271,"DTLA",93,113
2017,12,3058,34.0358,-118.233,"DTLA",149,157
2017,12,3060,34.0349,-118.258,"DTLA",26,21
2017,12,3062,34.0477,-118.243,"DTLA",190,202
2017,12,3063,34.048,-118.254,"DTLA",355,447
2017,12,3064,34.0468,-118.257,"DTLA",510,436
2017,12,3065,34.0606,-118.238,"DTLA",86,99
2017,12,3066,34.0634,-118.236,"DTLA",171,164
2017,12,3067,34.0452,-118.25,"DTLA",384,372
2017,12,3068,34.0532,-118.251,"DTLA",423,82
2017,12,3069,34.0509,-118.248,"DTLA",442,432
2017,12,3074,34.0442,-118.261,"DTLA",222,223
2017,12,3075,34.0421,-118.256,"DTLA",265,292
2017,12,3076,34.0406,-118.254,"DTLA",218,222
2017,12,3077,34.0399,-118.25,"DTLA",88,97
2017,12,3078,34.0643,-118.239,"DTLA",77,89
2017,12,3079,34.0501,-118.233,"DTLA",58,56
2017,12,3080,34.0342,-118.255,"DTLA",5,12
2017,12,3081,34.0319,-118.25,"DTLA",73,63
2017,12,3082,34.0465,-118.237,"DTLA",485,579
2017,12,4125,33.7667,-118.261,"Port of LA",7,7
2017,12,4126,33.711,-118.285,"Port of LA",99,92
2017,12,4127,33.7489,-118.275,"Port of LA",10,6
2017,12,4129,33.7258,-118.281,"Port of LA",39,36
2017,12,4130,33.7193,-118.283,"Port of LA",52,45
2017,12,4131,33.739,-118.279,"Port of LA",61,74
2017,12,4132,33.7491,-118.28,"Port of LA",54,48
2017,12,4133,33.7335,-118.278,"Port of LA",26,35
2017,12,4134,33.7414,-118.278,"Port of LA",13,12
2017,12,4135,33.7723,-118.268,"Port of LA",15,16
2017,12,4136,33.7718,-118.277,"Port of LA",15,13
2017,12,4138,34.1457,-118.148,"Pasadena",45,57
2017,12,4142,34.1446,-118.145,"Pasadena",77,76
2017,12,4144,34.1424,-118.133,"Pasadena",65,48
2017,12,4146,34.1478,-118.145,"Pasadena",90,62
2017,12,4147,34.1452,-118.15,"Pasadena",54,55
2017,12,4148,34.1497,-118.145,"Pasadena",32,30
2017,12,4149,34.1382,-118.147,"Pasadena",29,34
2017,12,4150,34.1543,-118.142,"Pasadena",57,52
2017,12,4151,34.1424,-118.142,"Pasadena",89,68
2017,12,4152,34.1497,-118.16,"Pasadena",46,28
2017,12,4153,34.1562,-118.167,"Pasadena",119,112
2017,12,4154,34.1561,-118.151,"Pasadena",42,25
2017,12,4155,34.1478,-118.132,"Pasadena",64,56
2017,12,4156,34.1499,-118.138,"Pasadena",36,34
2017,12,4157,34.141,-118.132,"Pasadena",77,89
2017,12,4158,34.1353,-118.132,"Pasadena",82,106
2017,12,4160,34.133,-118.149,"Pasadena",55,86
2017,12,4162,34.1475,-118.148,"Pasadena",150,153
2017,12,4163,34.1505,-118.132,"Pasadena",75,52
2017,12,4165,34.1418,-118.149,"Pasadena",93,107
2017,12,4166,34.1459,-118.122,"Pasadena",3,1
2017,12,4167,34.1438,-118.154,"Pasadena",56,46
2017,12,4169,34.147,-118.14,"Pasadena",56,69
2017,12,4170,34.1607,-118.132,"Pasadena",41,23
2017,12,4174,34.1653,-118.151,"Pasadena",22,13
2017,12,4176,34.1379,-118.122,"Pasadena",114,117
2017,12,4177,34.145,-118.138,"Pasadena",98,111
2017,12,4180,34.138,-118.129,"Pasadena",54,76
2017,12,4181,34.1462,-118.135,"Pasadena",108,107
2017,12,4183,34.1461,-118.129,"Pasadena",1,1
2017,12,4202,33.9912,-118.468,"Venice",180,204
2017,12,4204,33.9884,-118.452,"Venice",140,121
2017,12,4205,33.9938,-118.454,"Venice",92,60
2017,12,4206,33.9983,-118.461,"Venice",70,55
2017,12,4207,34.0009,-118.469,"Venice",139,100
2017,12,4208,33.9987,-118.473,"Venice",106,100
2017,12,4209,33.9962,-118.477,"Venice",274,207
2017,12,4210,33.9843,-118.472,"Venice",798,683
2017,12,4211,33.9849,-118.47,"Venice",288,230
2017,12,4212,33.9881,-118.472,"Venice",248,213
2017,12,4213,33.9954,-118.465,"Venice",50,42
2017,12,4214,33.9956,-118.482,"Venice",1078,880
2017,12,4215,34.0143,-118.491,"Venice",479,933
2017,12,4216,34.0234,-118.48,"Venice",59,79
2017,12,4220,34.0748,-118.259,"DTLA",92,98
2017,12,4227,34.0306,-118.27,"DTLA",21,16
2018,1,3000,NULL,NULL,"N/A",15,349
2018,1,3005,34.0485,-118.259,"DTLA",696,749
2018,1,3006,34.0455,-118.257,"DTLA",364,337
2018,1,3007,34.0505,-118.255,"DTLA",359,278
2018,1,3008,34.0466,-118.263,"DTLA",226,231
2018,1,3010,34.037,-118.255,"DTLA",40,47
2018,1,3011,34.0411,-118.268,"DTLA",148,182
2018,1,3013,33.7798,-118.263,"Port of LA",9,7
2018,1,3014,34.0566,-118.237,"DTLA",497,604
2018,1,3016,34.0529,-118.242,"DTLA",119,92
2018,1,3018,34.0437,-118.26,"DTLA",192,198
2018,1,3019,34.0386,-118.261,"DTLA",171,185
2018,1,3020,34.0311,-118.267,"DTLA",32,49
2018,1,3022,34.0461,-118.233,"DTLA",375,369
2018,1,3023,34.0509,-118.241,"DTLA",181,227
2018,1,3024,34.0577,-118.249,"DTLA",106,26
2018,1,3025,34.0329,-118.268,"DTLA",43,40
2018,1,3026,34.0632,-118.246,"DTLA",173,124
2018,1,3027,34.05,-118.247,"DTLA",314,246
2018,1,3028,34.0583,-118.246,"DTLA",151,63
2018,1,3029,34.0489,-118.246,"DTLA",242,190
2018,1,3030,34.0519,-118.244,"DTLA",482,390
2018,1,3031,34.0447,-118.252,"DTLA",480,551
2018,1,3032,34.0499,-118.256,"DTLA",263,300
2018,1,3033,34.041,-118.256,"DTLA",83,82
2018,1,3034,34.0421,-118.263,"DTLA",295,373
2018,1,3035,34.0484,-118.261,"DTLA",413,415
2018,1,3036,34.0392,-118.233,"DTLA",84,131
2018,1,3037,34.0348,-118.231,"DTLA",100,112
2018,1,3038,34.0468,-118.248,"DTLA",388,358
2018,1,3040,34.0536,-118.266,"DTLA",142,95
2018,1,3042,34.0493,-118.239,"DTLA",331,490
2018,1,3045,34.0285,-118.257,"DTLA",23,50
2018,1,3046,34.053,-118.248,"DTLA",150,209
2018,1,3047,34.04,-118.266,"DTLA",235,276
2018,1,3048,34.0417,-118.235,"DTLA",316,342
2018,1,3049,34.057,-118.254,"DTLA",377,265
2018,1,3051,34.0454,-118.254,"DTLA",215,231
2018,1,3052,34.0511,-118.265,"DTLA",215,127
2018,1,3054,34.0392,-118.236,"DTLA",192,205
2018,1,3055,34.0442,-118.252,"DTLA",292,267
2018,1,3056,34.0375,-118.265,"DTLA",109,112
2018,1,3057,34.0357,-118.271,"DTLA",51,72
2018,1,3058,34.0358,-118.233,"DTLA",142,163
2018,1,3062,34.0477,-118.243,"DTLA",181,200
2018,1,3063,34.048,-118.254,"DTLA",363,470
2018,1,3064,34.0468,-118.257,"DTLA",505,508
2018,1,3065,34.0606,-118.238,"DTLA",75,82
2018,1,3066,34.0634,-118.236,"DTLA",237,216
2018,1,3067,34.0452,-118.25,"DTLA",355,332
2018,1,3068,34.0532,-118.251,"DTLA",511,95
2018,1,3069,34.0509,-118.248,"DTLA",487,515
2018,1,3074,34.0442,-118.261,"DTLA",277,243
2018,1,3075,34.0421,-118.256,"DTLA",280,301
2018,1,3076,34.0406,-118.254,"DTLA",262,252
2018,1,3077,34.0399,-118.25,"DTLA",88,90
2018,1,3078,34.0643,-118.239,"DTLA",103,107
2018,1,3079,34.0501,-118.233,"DTLA",73,62
2018,1,3080,34.0342,-118.255,"DTLA",27,35
2018,1,3081,34.0319,-118.25,"DTLA",90,97
2018,1,3082,34.0465,-118.237,"DTLA",515,602
2018,1,4125,33.7667,-118.261,"Port of LA",4,4
2018,1,4126,33.711,-118.285,"Port of LA",93,94
2018,1,4127,33.7489,-118.275,"Port of LA",16,12
2018,1,4129,33.7258,-118.281,"Port of LA",23,24
2018,1,4130,33.7193,-118.283,"Port of LA",29,28
2018,1,4131,33.739,-118.279,"Port of LA",45,58
2018,1,4132,33.7491,-118.28,"Port of LA",51,50
2018,1,4133,33.7335,-118.278,"Port of LA",34,48
2018,1,4134,33.7414,-118.278,"Port of LA",43,19
2018,1,4135,33.7723,-118.268,"Port of LA",17,18
2018,1,4136,33.7718,-118.277,"Port of LA",7,5
2018,1,4138,34.1457,-118.148,"Pasadena",100,79
2018,1,4142,34.1446,-118.145,"Pasadena",104,103
2018,1,4144,34.1424,-118.133,"Pasadena",80,65
2018,1,4146,34.1478,-118.145,"Pasadena",45,40
2018,1,4147,34.1452,-118.15,"Pasadena",100,104
2018,1,4148,34.1497,-118.145,"Pasadena",60,60
2018,1,4149,34.1382,-118.147,"Pasadena",69,64
2018,1,4150,34.1543,-118.142,"Pasadena",66,53
2018,1,4151,34.1424,-118.142,"Pasadena",128,105
2018,1,4152,34.1497,-118.16,"Pasadena",74,49
2018,1,4153,34.1562,-118.167,"Pasadena",142,145
2018,1,4154,34.1561,-118.151,"Pasadena",39,35
2018,1,4155,34.1478,-118.132,"Pasadena",72,60
2018,1,4156,34.1499,-118.138,"Pasadena",62,58
2018,1,4157,34.141,-118.132,"Pasadena",140,136
2018,1,4158,34.1353,-118.132,"Pasadena",72,79
2018,1,4159,34.1459,-118.117,"Pasadena",81,74
2018,1,4160,34.133,-118.149,"Pasadena",121,154
2018,1,4162,34.1475,-118.148,"Pasadena",175,159
2018,1,4163,34.1505,-118.132,"Pasadena",105,102
2018,1,4165,34.1418,-118.149,"Pasadena",176,206
2018,1,4166,34.1459,-118.122,"Pasadena",36,41
2018,1,4167,34.1438,-118.154,"Pasadena",48,70
2018,1,4169,34.147,-118.14,"Pasadena",61,48
2018,1,4170,34.1607,-118.132,"Pasadena",66,30
2018,1,4174,34.1653,-118.151,"Pasadena",37,24
2018,1,4176,34.1379,-118.122,"Pasadena",141,161
2018,1,4177,34.145,-118.138,"Pasadena",149,152
2018,1,4180,34.138,-118.129,"Pasadena",124,136
2018,1,4181,34.1462,-118.135,"Pasadena",150,161
2018,1,4183,34.1461,-118.129,"Pasadena",72,71
2018,1,4202,33.9912,-118.468,"Venice",259,239
2018,1,4204,33.9884,-118.452,"Venice",154,145
2018,1,4205,33.9938,-118.454,"Venice",111,79
2018,1,4206,33.9983,-118.461,"Venice",71,51
2018,1,4207,34.0009,-118.469,"Venice",134,108
2018,1,4208,33.9987,-118.473,"Venice",116,99
2018,1,4209,33.9962,-118.477,"Venice",368,305
2018,1,4210,33.9843,-118.472,"Venice",832,746
2018,1,4211,33.9849,-118.47,"Venice",234,185
2018,1,4212,33.9881,-118.472,"Venice",299,233
2018,1,4213,33.9954,-118.465,"Venice",46,42
2018,1,4214,33.9956,-118.482,"Venice",1214,1010
2018,1,4215,34.0143,-118.491,"Venice",642,1134
2018,1,4216,34.0234,-118.48,"Venice",50,76
2018,1,4220,34.0748,-118.259,"DTLA",158,147
2018,1,4227,34.0306,-118.27,"DTLA",16,22
2018,2,3000,NULL,NULL,"N/A",19,343
2018,2,3005,34.0485,-118.259,"DTLA",623,664
2018,2,3006,34.0455,-118.257,"DTLA",351,366
2018,2,3007,34.0505,-118.255,"DTLA",315,220
2018,2,3008,34.0466,-118.263,"DTLA",200,248
2018,2,3010,34.037,-118.255,"DTLA",38,47
2018,2,3011,34.0411,-118.268,"DTLA",143,190
2018,2,3013,33.7798,-118.263,"Port of LA",8,6
2018,2,3014,34.0566,-118.237,"DTLA",537,566
2018,2,3016,34.0529,-118.242,"DTLA",106,95
2018,2,3018,34.0437,-118.26,"DTLA",171,190
2018,2,3019,34.0386,-118.261,"DTLA",163,187
2018,2,3020,34.0311,-118.267,"DTLA",50,55
2018,2,3022,34.0461,-118.233,"DTLA",421,411
2018,2,3023,34.0509,-118.241,"DTLA",174,211
2018,2,3024,34.0577,-118.249,"DTLA",95,25
2018,2,3025,34.0329,-118.268,"DTLA",61,46
2018,2,3026,34.0632,-118.246,"DTLA",157,122
2018,2,3027,34.05,-118.247,"DTLA",234,202
2018,2,3028,34.0583,-118.246,"DTLA",126,56
2018,2,3029,34.0489,-118.246,"DTLA",244,189
2018,2,3030,34.0519,-118.244,"DTLA",428,376
2018,2,3031,34.0447,-118.252,"DTLA",464,505
2018,2,3032,34.0499,-118.256,"DTLA",202,274
2018,2,3033,34.041,-118.256,"DTLA",73,74
2018,2,3034,34.0421,-118.263,"DTLA",248,344
2018,2,3035,34.0484,-118.261,"DTLA",365,330
2018,2,3036,34.0392,-118.233,"DTLA",154,172
2018,2,3037,34.0348,-118.231,"DTLA",99,133
2018,2,3038,34.0468,-118.248,"DTLA",335,310
2018,2,3040,34.0536,-118.266,"DTLA",148,67
2018,2,3042,34.0493,-118.239,"DTLA",362,473
2018,2,3045,34.0285,-118.257,"DTLA",34,38
2018,2,3046,34.053,-118.248,"DTLA",163,210
2018,2,3047,34.04,-118.266,"DTLA",228,269
2018,2,3048,34.0417,-118.235,"DTLA",317,310
2018,2,3049,34.057,-118.254,"DTLA",371,240
2018,2,3051,34.0454,-118.254,"DTLA",142,173
2018,2,3052,34.0511,-118.265,"DTLA",204,108
2018,2,3054,34.0392,-118.236,"DTLA",146,175
2018,2,3055,34.0442,-118.252,"DTLA",256,205
2018,2,3056,34.0375,-118.265,"DTLA",89,98
2018,2,3057,34.0357,-118.271,"DTLA",48,53
2018,2,3058,34.0358,-118.233,"DTLA",128,149
2018,2,3062,34.0477,-118.243,"DTLA",215,213
2018,2,3063,34.048,-118.254,"DTLA",285,381
2018,2,3064,34.0468,-118.257,"DTLA",487,512
2018,2,3065,34.0606,-118.238,"DTLA",93,99
2018,2,3066,34.0634,-118.236,"DTLA",222,169
2018,2,3067,34.0452,-118.25,"DTLA",297,285
2018,2,3068,34.0532,-118.251,"DTLA",455,109
2018,2,3069,34.0509,-118.248,"DTLA",332,360
2018,2,3074,34.0442,-118.261,"DTLA",227,174
2018,2,3075,34.0421,-118.256,"DTLA",221,253
2018,2,3076,34.0406,-118.254,"DTLA",204,215
2018,2,3077,34.0399,-118.25,"DTLA",62,81
2018,2,3078,34.0643,-118.239,"DTLA",106,115
2018,2,3079,34.0501,-118.233,"DTLA",44,50
2018,2,3080,34.0342,-118.255,"DTLA",14,13
2018,2,3081,34.0319,-118.25,"DTLA",78,78
2018,2,3082,34.0465,-118.237,"DTLA",475,562
2018,2,4108,34.0259,-118.238,"DTLA",5,4
2018,2,4125,33.7667,-118.261,"Port of LA",6,6
2018,2,4126,33.711,-118.285,"Port of LA",80,78
2018,2,4127,33.7489,-118.275,"Port of LA",13,15
2018,2,4129,33.7258,-118.281,"Port of LA",34,35
2018,2,4130,33.7193,-118.283,"Port of LA",39,35
2018,2,4131,33.739,-118.279,"Port of LA",41,45
2018,2,4132,33.7491,-118.28,"Port of LA",30,28
2018,2,4133,33.7335,-118.278,"Port of LA",31,42
2018,2,4134,33.7414,-118.278,"Port of LA",32,20
2018,2,4135,33.7723,-118.268,"Port of LA",22,21
2018,2,4136,33.7718,-118.277,"Port of LA",12,10
2018,2,4138,34.1457,-118.148,"Pasadena",106,102
2018,2,4142,34.1446,-118.145,"Pasadena",112,88
2018,2,4144,34.1424,-118.133,"Pasadena",67,59
2018,2,4146,34.1478,-118.145,"Pasadena",30,34
2018,2,4147,34.1452,-118.15,"Pasadena",69,83
2018,2,4148,34.1497,-118.145,"Pasadena",24,33
2018,2,4149,34.1382,-118.147,"Pasadena",31,39
2018,2,4150,34.1543,-118.142,"Pasadena",88,67
2018,2,4151,34.1424,-118.142,"Pasadena",78,73
2018,2,4152,34.1497,-118.16,"Pasadena",44,20
2018,2,4153,34.1562,-118.167,"Pasadena",141,142
2018,2,4154,34.1561,-118.151,"Pasadena",28,14
2018,2,4155,34.1478,-118.132,"Pasadena",67,34
2018,2,4156,34.1499,-118.138,"Pasadena",65,74
2018,2,4157,34.141,-118.132,"Pasadena",119,153
2018,2,4158,34.1353,-118.132,"Pasadena",42,48
2018,2,4159,34.1459,-118.117,"Pasadena",102,91
2018,2,4160,34.133,-118.149,"Pasadena",65,78
2018,2,4162,34.1475,-118.148,"Pasadena",165,191
2018,2,4163,34.1505,-118.132,"Pasadena",128,72
2018,2,4165,34.1418,-118.149,"Pasadena",120,144
2018,2,4166,34.1459,-118.122,"Pasadena",68,71
2018,2,4167,34.1438,-118.154,"Pasadena",34,31
2018,2,4169,34.147,-118.14,"Pasadena",41,34
2018,2,4170,34.1607,-118.132,"Pasadena",42,36
2018,2,4174,34.1653,-118.151,"Pasadena",11,10
2018,2,4176,34.1379,-118.122,"Pasadena",102,132
2018,2,4177,34.145,-118.138,"Pasadena",96,96
2018,2,4180,34.138,-118.129,"Pasadena",121,128
2018,2,4181,34.1462,-118.135,"Pasadena",87,88
2018,2,4183,34.1461,-118.129,"Pasadena",74,61
2018,2,4202,33.9912,-118.468,"Venice",269,249
2018,2,4204,33.9884,-118.452,"Venice",145,140
2018,2,4205,33.9938,-118.454,"Venice",85,57
2018,2,4206,33.9983,-118.461,"Venice",76,68
2018,2,4207,34.0009,-118.469,"Venice",182,142
2018,2,4208,33.9987,-118.473,"Venice",83,49
2018,2,4209,33.9962,-118.477,"Venice",340,322
2018,2,4210,33.9843,-118.472,"Venice",753,633
2018,2,4211,33.9849,-118.47,"Venice",269,187
2018,2,4212,33.9881,-118.472,"Venice",276,210
2018,2,4213,33.9954,-118.465,"Venice",30,21
2018,2,4214,33.9956,-118.482,"Venice",958,864
2018,2,4215,34.0143,-118.491,"Venice",554,991
2018,2,4216,34.0234,-118.48,"Venice",79,90
2018,2,4220,34.0748,-118.259,"DTLA",119,105
2018,3,3000,NULL,NULL,"N/A",20,367
2018,3,3005,34.0485,-118.259,"DTLA",840,928
2018,3,3006,34.0455,-118.257,"DTLA",362,354
2018,3,3007,34.0505,-118.255,"DTLA",355,273
2018,3,3008,34.0466,-118.263,"DTLA",302,308
2018,3,3010,34.037,-118.255,"DTLA",41,49
2018,3,3011,34.0411,-118.268,"DTLA",235,257
2018,3,3013,33.7798,-118.263,"Port of LA",9,9
2018,3,3014,34.0566,-118.237,"DTLA",608,657
2018,3,3016,34.0529,-118.242,"DTLA",105,93
2018,3,3018,34.0437,-118.26,"DTLA",222,214
2018,3,3019,34.0386,-118.261,"DTLA",185,208
2018,3,3020,34.0311,-118.267,"DTLA",54,59
2018,3,3022,34.0461,-118.233,"DTLA",449,455
2018,3,3023,34.0509,-118.241,"DTLA",153,181
2018,3,3024,34.0577,-118.249,"DTLA",109,35
2018,3,3025,34.0329,-118.268,"DTLA",55,69
2018,3,3026,34.0632,-118.246,"DTLA",139,101
2018,3,3027,34.05,-118.247,"DTLA",237,198
2018,3,3028,34.0583,-118.246,"DTLA",129,46
2018,3,3029,34.0489,-118.246,"DTLA",263,204
2018,3,3030,34.0519,-118.244,"DTLA",521,461
2018,3,3031,34.0447,-118.252,"DTLA",592,683
2018,3,3032,34.0499,-118.256,"DTLA",272,338
2018,3,3033,34.041,-118.256,"DTLA",127,121
2018,3,3034,34.0421,-118.263,"DTLA",274,336
2018,3,3035,34.0484,-118.261,"DTLA",339,327
2018,3,3036,34.0392,-118.233,"DTLA",118,125
2018,3,3037,34.0348,-118.231,"DTLA",91,105
2018,3,3038,34.0468,-118.248,"DTLA",420,371
2018,3,3040,34.0536,-118.266,"DTLA",158,74
2018,3,3042,34.0493,-118.239,"DTLA",456,522
2018,3,3045,34.0285,-118.257,"DTLA",31,45
2018,3,3046,34.053,-118.248,"DTLA",128,169
2018,3,3047,34.04,-118.266,"DTLA",272,307
2018,3,3048,34.0417,-118.235,"DTLA",316,322
2018,3,3049,34.057,-118.254,"DTLA",293,230
2018,3,3051,34.0454,-118.254,"DTLA",224,220
2018,3,3052,34.0511,-118.265,"DTLA",291,172
2018,3,3054,34.0392,-118.236,"DTLA",142,179
2018,3,3055,34.0442,-118.252,"DTLA",320,302
2018,3,3056,34.0375,-118.265,"DTLA",109,125
2018,3,3057,34.0357,-118.271,"DTLA",69,56
2018,3,3058,34.0358,-118.233,"DTLA",156,178
2018,3,3062,34.0477,-118.243,"DTLA",234,274
2018,3,3063,34.048,-118.254,"DTLA",390,506
2018,3,3064,34.0468,-118.257,"DTLA",535,555
2018,3,3065,34.0606,-118.238,"DTLA",131,147
2018,3,3066,34.0634,-118.236,"DTLA",216,187
2018,3,3067,34.0452,-118.25,"DTLA",359,310
2018,3,3068,34.0532,-118.251,"DTLA",433,90
2018,3,3069,34.0509,-118.248,"DTLA",426,518
2018,3,3074,34.0442,-118.261,"DTLA",259,203
2018,3,3075,34.0421,-118.256,"DTLA",287,278
2018,3,3076,34.0406,-118.254,"DTLA",247,250
2018,3,3077,34.0399,-118.25,"DTLA",110,126
2018,3,3078,34.0643,-118.239,"DTLA",86,67
2018,3,3079,34.0501,-118.233,"DTLA",68,59
2018,3,3080,34.0342,-118.255,"DTLA",20,18
2018,3,3081,34.0319,-118.25,"DTLA",106,105
2018,3,3082,34.0465,-118.237,"DTLA",499,613
2018,3,4108,34.0259,-118.238,"DTLA",8,8
2018,3,4125,33.7667,-118.261,"Port of LA",5,5
2018,3,4126,33.711,-118.285,"Port of LA",141,144
2018,3,4127,33.7489,-118.275,"Port of LA",10,10
2018,3,4129,33.7258,-118.281,"Port of LA",34,34
2018,3,4130,33.7193,-118.283,"Port of LA",55,51
2018,3,4131,33.739,-118.279,"Port of LA",65,63
2018,3,4132,33.7491,-118.28,"Port of LA",38,40
2018,3,4133,33.7335,-118.278,"Port of LA",64,68
2018,3,4134,33.7414,-118.278,"Port of LA",37,30
2018,3,4135,33.7723,-118.268,"Port of LA",9,7
2018,3,4136,33.7718,-118.277,"Port of LA",6,6
2018,3,4138,34.1457,-118.148,"Pasadena",87,93
2018,3,4142,34.1446,-118.145,"Pasadena",131,126
2018,3,4144,34.1424,-118.133,"Pasadena",67,63
2018,3,4146,34.1478,-118.145,"Pasadena",38,31
2018,3,4147,34.1452,-118.15,"Pasadena",83,76
2018,3,4148,34.1497,-118.145,"Pasadena",32,34
2018,3,4149,34.1382,-118.147,"Pasadena",58,68
2018,3,4150,34.1543,-118.142,"Pasadena",70,52
2018,3,4151,34.1424,-118.142,"Pasadena",86,72
2018,3,4152,34.1497,-118.16,"Pasadena",52,21
2018,3,4153,34.1562,-118.167,"Pasadena",152,152
2018,3,4154,34.1561,-118.151,"Pasadena",56,47
2018,3,4155,34.1478,-118.132,"Pasadena",46,47
2018,3,4156,34.1499,-118.138,"Pasadena",66,58
2018,3,4157,34.141,-118.132,"Pasadena",90,107
2018,3,4158,34.1353,-118.132,"Pasadena",39,46
2018,3,4159,34.1459,-118.117,"Pasadena",95,77
2018,3,4160,34.133,-118.149,"Pasadena",47,74
2018,3,4162,34.1475,-118.148,"Pasadena",164,196
2018,3,4163,34.1505,-118.132,"Pasadena",92,55
2018,3,4165,34.1418,-118.149,"Pasadena",97,126
2018,3,4166,34.1459,-118.122,"Pasadena",54,53
2018,3,4167,34.1438,-118.154,"Pasadena",33,29
2018,3,4169,34.147,-118.14,"Pasadena",57,54
2018,3,4170,34.1607,-118.132,"Pasadena",73,45
2018,3,4174,34.1653,-118.151,"Pasadena",21,16
2018,3,4176,34.1379,-118.122,"Pasadena",98,102
2018,3,4177,34.145,-118.138,"Pasadena",86,92
2018,3,4180,34.138,-118.129,"Pasadena",71,86
2018,3,4181,34.1462,-118.135,"Pasadena",85,93
2018,3,4183,34.1461,-118.129,"Pasadena",99,82
2018,3,4202,33.9912,-118.468,"Venice",268,237
2018,3,4204,33.9884,-118.452,"Venice",160,139
2018,3,4205,33.9938,-118.454,"Venice",85,61
2018,3,4206,33.9983,-118.461,"Venice",69,54
2018,3,4207,34.0009,-118.469,"Venice",221,194
2018,3,4208,33.9987,-118.473,"Venice",119,74
2018,3,4209,33.9962,-118.477,"Venice",457,424
2018,3,4210,33.9843,-118.472,"Venice",942,851
2018,3,4211,33.9849,-118.47,"Venice",301,237
2018,3,4212,33.9881,-118.472,"Venice",351,256
2018,3,4213,33.9954,-118.465,"Venice",72,76
2018,3,4214,33.9956,-118.482,"Venice",1391,1083
2018,3,4215,34.0143,-118.491,"Venice",709,1324
2018,3,4216,34.0234,-118.48,"Venice",95,149
2018,3,4220,34.0748,-118.259,"DTLA",145,142
2018,4,3000,NULL,NULL,"N/A",25,374
2018,4,3005,34.0485,-118.259,"DTLA",959,1016
2018,4,3006,34.0455,-118.257,"DTLA",437,435
2018,4,3007,34.0505,-118.255,"DTLA",377,270
2018,4,3008,34.0466,-118.263,"DTLA",313,326
2018,4,3010,34.037,-118.255,"DTLA",38,35
2018,4,3011,34.0411,-118.268,"DTLA",202,266
2018,4,3013,33.7798,-118.263,"Port of LA",9,8
2018,4,3014,34.0566,-118.237,"DTLA",662,743
2018,4,3016,34.0529,-118.242,"DTLA",147,141
2018,4,3018,34.0437,-118.26,"DTLA",225,219
2018,4,3019,34.0386,-118.261,"DTLA",261,256
2018,4,3020,34.0311,-118.267,"DTLA",59,65
2018,4,3022,34.0461,-118.233,"DTLA",388,431
2018,4,3023,34.0509,-118.241,"DTLA",213,287
2018,4,3024,34.0577,-118.249,"DTLA",114,32
2018,4,3025,34.0329,-118.268,"DTLA",85,78
2018,4,3026,34.0632,-118.246,"DTLA",166,102
2018,4,3027,34.05,-118.247,"DTLA",260,256
2018,4,3028,34.0583,-118.246,"DTLA",166,46
2018,4,3029,34.0489,-118.246,"DTLA",262,198
2018,4,3030,34.0519,-118.244,"DTLA",576,460
2018,4,3031,34.0447,-118.252,"DTLA",694,712
2018,4,3032,34.0499,-118.256,"DTLA",246,304
2018,4,3033,34.041,-118.256,"DTLA",118,140
2018,4,3034,34.0421,-118.263,"DTLA",288,337
2018,4,3035,34.0484,-118.261,"DTLA",426,450
2018,4,3036,34.0392,-118.233,"DTLA",158,190
2018,4,3037,34.0348,-118.231,"DTLA",122,141
2018,4,3038,34.0468,-118.248,"DTLA",389,414
2018,4,3040,34.0536,-118.266,"DTLA",156,94
2018,4,3042,34.0493,-118.239,"DTLA",430,490
2018,4,3045,34.0285,-118.257,"DTLA",46,60
2018,4,3046,34.053,-118.248,"DTLA",155,163
2018,4,3047,34.04,-118.266,"DTLA",277,296
2018,4,3048,34.0417,-118.235,"DTLA",314,297
2018,4,3049,34.057,-118.254,"DTLA",345,255
2018,4,3051,34.0454,-118.254,"DTLA",220,250
2018,4,3052,34.0511,-118.265,"DTLA",253,152
2018,4,3054,34.0392,-118.236,"DTLA",145,175
2018,4,3055,34.0442,-118.252,"DTLA",243,230
2018,4,3056,34.0375,-118.265,"DTLA",125,125
2018,4,3057,34.0357,-118.271,"DTLA",73,87
2018,4,3058,34.0358,-118.233,"DTLA",126,144
2018,4,3062,34.0477,-118.243,"DTLA",198,198
2018,4,3063,34.048,-118.254,"DTLA",342,457
2018,4,3064,34.0468,-118.257,"DTLA",528,577
2018,4,3065,34.0606,-118.238,"DTLA",89,106
2018,4,3066,34.0634,-118.236,"DTLA",214,172
2018,4,3067,34.0452,-118.25,"DTLA",456,374
2018,4,3068,34.0532,-118.251,"DTLA",450,114
2018,4,3069,34.0509,-118.248,"DTLA",503,578
2018,4,3074,34.0442,-118.261,"DTLA",322,253
2018,4,3075,34.0421,-118.256,"DTLA",315,331
2018,4,3076,34.0406,-118.254,"DTLA",269,274
2018,4,3077,34.0399,-118.25,"DTLA",165,185
2018,4,3078,34.0643,-118.239,"DTLA",83,112
2018,4,3079,34.0501,-118.233,"DTLA",60,58
2018,4,3080,34.0342,-118.255,"DTLA",23,22
2018,4,3081,34.0319,-118.25,"DTLA",103,117
2018,4,3082,34.0465,-118.237,"DTLA",614,627
2018,4,4125,33.7667,-118.261,"Port of LA",2,2
2018,4,4126,33.711,-118.285,"Port of LA",120,115
2018,4,4127,33.7489,-118.275,"Port of LA",23,14
2018,4,4129,33.7258,-118.281,"Port of LA",72,74
2018,4,4130,33.7193,-118.283,"Port of LA",44,43
2018,4,4131,33.739,-118.279,"Port of LA",63,61
2018,4,4132,33.7491,-118.28,"Port of LA",53,56
2018,4,4133,33.7335,-118.278,"Port of LA",45,65
2018,4,4134,33.7414,-118.278,"Port of LA",44,33
2018,4,4135,33.7723,-118.268,"Port of LA",23,23
2018,4,4136,33.7718,-118.277,"Port of LA",16,15
2018,4,4138,34.1457,-118.148,"Pasadena",94,107
2018,4,4142,34.1446,-118.145,"Pasadena",135,130
2018,4,4144,34.1424,-118.133,"Pasadena",53,62
2018,4,4146,34.1478,-118.145,"Pasadena",59,41
2018,4,4147,34.1452,-118.15,"Pasadena",79,86
2018,4,4148,34.1497,-118.145,"Pasadena",47,33
2018,4,4149,34.1382,-118.147,"Pasadena",54,46
2018,4,4150,34.1543,-118.142,"Pasadena",93,65
2018,4,4151,34.1424,-118.142,"Pasadena",76,77
2018,4,4152,34.1497,-118.16,"Pasadena",44,39
2018,4,4153,34.1562,-118.167,"Pasadena",194,195
2018,4,4154,34.1561,-118.151,"Pasadena",67,53
2018,4,4155,34.1478,-118.132,"Pasadena",64,56
2018,4,4156,34.1499,-118.138,"Pasadena",75,59
2018,4,4157,34.141,-118.132,"Pasadena",114,122
2018,4,4158,34.1353,-118.132,"Pasadena",41,57
2018,4,4159,34.1459,-118.117,"Pasadena",94,91
2018,4,4160,34.133,-118.149,"Pasadena",69,85
2018,4,4162,34.1475,-118.148,"Pasadena",162,193
2018,4,4163,34.1505,-118.132,"Pasadena",105,90
2018,4,4165,34.1418,-118.149,"Pasadena",109,133
2018,4,4166,34.1459,-118.122,"Pasadena",75,78
2018,4,4167,34.1438,-118.154,"Pasadena",31,36
2018,4,4169,34.147,-118.14,"Pasadena",63,57
2018,4,4170,34.1607,-118.132,"Pasadena",91,67
2018,4,4174,34.1653,-118.151,"Pasadena",49,34
2018,4,4176,34.1379,-118.122,"Pasadena",96,98
2018,4,4177,34.145,-118.138,"Pasadena",112,124
2018,4,4180,34.138,-118.129,"Pasadena",100,93
2018,4,4181,34.1462,-118.135,"Pasadena",115,101
2018,4,4183,34.1461,-118.129,"Pasadena",81,85
2018,4,4202,33.9912,-118.468,"Venice",343,307
2018,4,4204,33.9884,-118.452,"Venice",173,191
2018,4,4205,33.9938,-118.454,"Venice",109,99
2018,4,4206,33.9983,-118.461,"Venice",48,48
2018,4,4207,34.0009,-118.469,"Venice",249,203
2018,4,4208,33.9987,-118.473,"Venice",104,69
2018,4,4209,33.9962,-118.477,"Venice",585,523
2018,4,4210,33.9843,-118.472,"Venice",1005,863
2018,4,4211,33.9849,-118.47,"Venice",299,217
2018,4,4212,33.9881,-118.472,"Venice",340,318
2018,4,4213,33.9954,-118.465,"Venice",61,49
2018,4,4214,33.9956,-118.482,"Venice",1408,1142
2018,4,4215,34.0143,-118.491,"Venice",749,1368
2018,4,4216,34.0234,-118.48,"Venice",78,97
2018,4,4220,34.0748,-118.259,"DTLA",139,170
2018,5,3000,NULL,NULL,"N/A",18,392
2018,5,3005,34.0485,-118.259,"DTLA",967,1038
2018,5,3006,34.0455,-118.257,"DTLA",422,440
2018,5,3007,34.0505,-118.255,"DTLA",496,339
2018,5,3008,34.0466,-118.263,"DTLA",363,392
2018,5,3010,34.037,-118.255,"DTLA",50,68
2018,5,3011,34.0411,-118.268,"DTLA",216,217
2018,5,3013,33.7798,-118.263,"Port of LA",9,8
2018,5,3014,34.0566,-118.237,"DTLA",819,841
2018,5,3016,34.0529,-118.242,"DTLA",238,176
2018,5,3018,34.0437,-118.26,"DTLA",243,233
2018,5,3019,34.0386,-118.261,"DTLA",264,276
2018,5,3020,34.0311,-118.267,"DTLA",34,38
2018,5,3022,34.0461,-118.233,"DTLA",400,422
2018,5,3023,34.0509,-118.241,"DTLA",251,350
2018,5,3024,34.0577,-118.249,"DTLA",106,30
2018,5,3025,34.0329,-118.268,"DTLA",70,63
2018,5,3026,34.0632,-118.246,"DTLA",169,140
2018,5,3027,34.05,-118.247,"DTLA",246,238
2018,5,3028,34.0583,-118.246,"DTLA",157,98
2018,5,3029,34.0489,-118.246,"DTLA",308,243
2018,5,3030,34.0519,-118.244,"DTLA",753,664
2018,5,3031,34.0447,-118.252,"DTLA",652,698
2018,5,3032,34.0499,-118.256,"DTLA",270,326
2018,5,3033,34.041,-118.256,"DTLA",113,137
2018,5,3034,34.0421,-118.263,"DTLA",329,339
2018,5,3035,34.0484,-118.261,"DTLA",504,525
2018,5,3036,34.0392,-118.233,"DTLA",183,231
2018,5,3037,34.0348,-118.231,"DTLA",117,134
2018,5,3038,34.0468,-118.248,"DTLA",411,369
2018,5,3040,34.0536,-118.266,"DTLA",181,104
2018,5,3042,34.0493,-118.239,"DTLA",600,656
2018,5,3045,34.0285,-118.257,"DTLA",42,62
2018,5,3046,34.053,-118.248,"DTLA",176,177
2018,5,3047,34.04,-118.266,"DTLA",309,304
2018,5,3048,34.0417,-118.235,"DTLA",314,329
2018,5,3049,34.057,-118.254,"DTLA",378,282
2018,5,3051,34.0454,-118.254,"DTLA",225,283
2018,5,3052,34.0511,-118.265,"DTLA",216,148
2018,5,3054,34.0392,-118.236,"DTLA",161,181
2018,5,3055,34.0442,-118.252,"DTLA",300,305
2018,5,3056,34.0375,-118.265,"DTLA",105,136
2018,5,3057,34.0357,-118.271,"DTLA",52,64
2018,5,3058,34.0358,-118.233,"DTLA",114,141
2018,5,3062,34.0477,-118.243,"DTLA",188,193
2018,5,3063,34.048,-118.254,"DTLA",404,504
2018,5,3064,34.0468,-118.257,"DTLA",554,646
2018,5,3065,34.0606,-118.238,"DTLA",91,151
2018,5,3066,34.0634,-118.236,"DTLA",239,204
2018,5,3067,34.0452,-118.25,"DTLA",457,439
2018,5,3068,34.0532,-118.251,"DTLA",475,141
2018,5,3069,34.0509,-118.248,"DTLA",510,512
2018,5,3074,34.0442,-118.261,"DTLA",295,207
2018,5,3075,34.0421,-118.256,"DTLA",278,338
2018,5,3076,34.0406,-118.254,"DTLA",264,269
2018,5,3077,34.0399,-118.25,"DTLA",99,110
2018,5,3078,34.0643,-118.239,"DTLA",140,102
2018,5,3079,34.0501,-118.233,"DTLA",63,57
2018,5,3080,34.0342,-118.255,"DTLA",30,29
2018,5,3081,34.0319,-118.25,"DTLA",96,101
2018,5,3082,34.0465,-118.237,"DTLA",624,662
2018,5,4125,33.7667,-118.261,"Port of LA",5,5
2018,5,4126,33.711,-118.285,"Port of LA",116,118
2018,5,4127,33.7489,-118.275,"Port of LA",14,14
2018,5,4129,33.7258,-118.281,"Port of LA",59,63
2018,5,4130,33.7193,-118.283,"Port of LA",71,54
2018,5,4131,33.739,-118.279,"Port of LA",117,111
2018,5,4132,33.7491,-118.28,"Port of LA",42,38
2018,5,4133,33.7335,-118.278,"Port of LA",39,64
2018,5,4134,33.7414,-118.278,"Port of LA",46,35
2018,5,4135,33.7723,-118.268,"Port of LA",18,18
2018,5,4136,33.7718,-118.277,"Port of LA",21,22
2018,5,4138,34.1457,-118.148,"Pasadena",146,156
2018,5,4142,34.1446,-118.145,"Pasadena",169,162
2018,5,4144,34.1424,-118.133,"Pasadena",82,100
2018,5,4146,34.1478,-118.145,"Pasadena",58,38
2018,5,4147,34.1452,-118.15,"Pasadena",105,106
2018,5,4148,34.1497,-118.145,"Pasadena",62,55
2018,5,4149,34.1382,-118.147,"Pasadena",79,93
2018,5,4150,34.1543,-118.142,"Pasadena",86,74
2018,5,4151,34.1424,-118.142,"Pasadena",98,92
2018,5,4152,34.1497,-118.16,"Pasadena",107,65
2018,5,4153,34.1562,-118.167,"Pasadena",217,217
2018,5,4154,34.1561,-118.151,"Pasadena",110,71
2018,5,4155,34.1478,-118.132,"Pasadena",54,54
2018,5,4156,34.1499,-118.138,"Pasadena",76,56
2018,5,4157,34.141,-118.132,"Pasadena",149,143
2018,5,4158,34.1353,-118.132,"Pasadena",32,62
2018,5,4159,34.1459,-118.117,"Pasadena",124,129
2018,5,4160,34.133,-118.149,"Pasadena",77,112
2018,5,4162,34.1475,-118.148,"Pasadena",239,284
2018,5,4163,34.1505,-118.132,"Pasadena",132,92
2018,5,4165,34.1418,-118.149,"Pasadena",141,162
2018,5,4166,34.1459,-118.122,"Pasadena",139,131
2018,5,4167,34.1438,-118.154,"Pasadena",38,48
2018,5,4169,34.147,-118.14,"Pasadena",56,66
2018,5,4170,34.1607,-118.132,"Pasadena",97,62
2018,5,4174,34.1653,-118.151,"Pasadena",86,42
2018,5,4176,34.1379,-118.122,"Pasadena",135,129
2018,5,4177,34.145,-118.138,"Pasadena",57,66
2018,5,4180,34.138,-118.129,"Pasadena",112,111
2018,5,4181,34.1462,-118.135,"Pasadena",135,153
2018,5,4183,34.1461,-118.129,"Pasadena",107,111
2018,5,4202,33.9912,-118.468,"Venice",293,228
2018,5,4204,33.9884,-118.452,"Venice",165,168
2018,5,4205,33.9938,-118.454,"Venice",109,121
2018,5,4206,33.9983,-118.461,"Venice",58,56
2018,5,4207,34.0009,-118.469,"Venice",215,167
2018,5,4208,33.9987,-118.473,"Venice",78,50
2018,5,4209,33.9962,-118.477,"Venice",462,433
2018,5,4210,33.9843,-118.472,"Venice",939,765
2018,5,4211,33.9849,-118.47,"Venice",252,206
2018,5,4212,33.9881,-118.472,"Venice",339,265
2018,5,4213,33.9954,-118.465,"Venice",48,43
2018,5,4214,33.9956,-118.482,"Venice",1208,1085
2018,5,4215,34.0143,-118.491,"Venice",672,1196
2018,5,4216,34.0234,-118.48,"Venice",77,68
2018,5,4220,34.0748,-118.259,"DTLA",187,178
2018,6,3000,NULL,NULL,"N/A",44,390
2018,6,3005,34.0485,-118.259,"DTLA",958,1127
2018,6,3006,34.0455,-118.257,"DTLA",423,444
2018,6,3007,34.0505,-118.255,"DTLA",530,359
2018,6,3008,34.0466,-118.263,"DTLA",372,380
2018,6,3010,34.037,-118.255,"DTLA",73,85
2018,6,3011,34.0411,-118.268,"DTLA",274,285
2018,6,3013,33.7798,-118.263,"Port of LA",7,8
2018,6,3014,34.0566,-118.237,"DTLA",750,765
2018,6,3016,34.0529,-118.242,"DTLA",174,174
2018,6,3018,34.0437,-118.26,"DTLA",173,163
2018,6,3019,34.0386,-118.261,"DTLA",281,290
2018,6,3020,34.0311,-118.267,"DTLA",59,83
2018,6,3022,34.0461,-118.233,"DTLA",333,354
2018,6,3023,34.0509,-118.241,"DTLA",239,304
2018,6,3024,34.0577,-118.249,"DTLA",131,62
2018,6,3025,34.0329,-118.268,"DTLA",79,50
2018,6,3026,34.0632,-118.246,"DTLA",190,176
2018,6,3027,34.05,-118.247,"DTLA",262,254
2018,6,3028,34.0583,-118.246,"DTLA",135,44
2018,6,3029,34.0489,-118.246,"DTLA",259,222
2018,6,3030,34.0519,-118.244,"DTLA",916,812
2018,6,3031,34.0447,-118.252,"DTLA",645,717
2018,6,3032,34.0499,-118.256,"DTLA",256,317
2018,6,3033,34.041,-118.256,"DTLA",110,94
2018,6,3034,34.0421,-118.263,"DTLA",311,334
2018,6,3035,34.0484,-118.261,"DTLA",493,502
2018,6,3036,34.0392,-118.233,"DTLA",167,211
2018,6,3037,34.0348,-118.231,"DTLA",123,143
2018,6,3038,34.0468,-118.248,"DTLA",420,369
2018,6,3040,34.0536,-118.266,"DTLA",164,86
2018,6,3042,34.0493,-118.239,"DTLA",563,700
2018,6,3045,34.0285,-118.257,"DTLA",37,62
2018,6,3046,34.053,-118.248,"DTLA",162,166
2018,6,3047,34.04,-118.266,"DTLA",312,344
2018,6,3048,34.0417,-118.235,"DTLA",362,372
2018,6,3049,34.057,-118.254,"DTLA",365,271
2018,6,3051,34.0454,-118.254,"DTLA",229,275
2018,6,3052,34.0511,-118.265,"DTLA",254,158
2018,6,3054,34.0392,-118.236,"DTLA",110,124
2018,6,3055,34.0442,-118.252,"DTLA",285,293
2018,6,3056,34.0375,-118.265,"DTLA",121,144
2018,6,3057,34.0357,-118.271,"DTLA",55,53
2018,6,3058,34.0358,-118.233,"DTLA",141,164
2018,6,3062,34.0477,-118.243,"DTLA",244,284
2018,6,3063,34.048,-118.254,"DTLA",328,466
2018,6,3064,34.0468,-118.257,"DTLA",510,566
2018,6,3065,34.0606,-118.238,"DTLA",107,133
2018,6,3066,34.0634,-118.236,"DTLA",267,208
2018,6,3067,34.0452,-118.25,"DTLA",497,471
2018,6,3068,34.0532,-118.251,"DTLA",478,100
2018,6,3069,34.0509,-118.248,"DTLA",521,538
2018,6,3074,34.0442,-118.261,"DTLA",278,226
2018,6,3075,34.0421,-118.256,"DTLA",434,407
2018,6,3076,34.0406,-118.254,"DTLA",240,265
2018,6,3077,34.0399,-118.25,"DTLA",120,106
2018,6,3078,34.0643,-118.239,"DTLA",143,123
2018,6,3079,34.0501,-118.233,"DTLA",62,64
2018,6,3080,34.0342,-118.255,"DTLA",13,27
2018,6,3081,34.0319,-118.25,"DTLA",102,101
2018,6,3082,34.0465,-118.237,"DTLA",664,713
2018,6,4108,34.0259,-118.238,"DTLA",2,1
2018,6,4125,33.7667,-118.261,"Port of LA",1,1
2018,6,4126,33.711,-118.285,"Port of LA",168,163
2018,6,4127,33.7489,-118.275,"Port of LA",3,3
2018,6,4129,33.7258,-118.281,"Port of LA",41,52
2018,6,4130,33.7193,-118.283,"Port of LA",87,82
2018,6,4131,33.739,-118.279,"Port of LA",97,97
2018,6,4132,33.7491,-118.28,"Port of LA",98,98
2018,6,4133,33.7335,-118.278,"Port of LA",50,71
2018,6,4134,33.7414,-118.278,"Port of LA",58,32
2018,6,4135,33.7723,-118.268,"Port of LA",23,23
2018,6,4136,33.7718,-118.277,"Port of LA",10,9
2018,6,4138,34.1457,-118.148,"Pasadena",168,140
2018,6,4142,34.1446,-118.145,"Pasadena",160,182
2018,6,4144,34.1424,-118.133,"Pasadena",95,106
2018,6,4146,34.1478,-118.145,"Pasadena",52,57
2018,6,4147,34.1452,-118.15,"Pasadena",102,114
2018,6,4148,34.1497,-118.145,"Pasadena",54,38
2018,6,4149,34.1382,-118.147,"Pasadena",89,90
2018,6,4150,34.1543,-118.142,"Pasadena",108,91
2018,6,4151,34.1424,-118.142,"Pasadena",114,108
2018,6,4152,34.1497,-118.16,"Pasadena",79,44
2018,6,4153,34.1562,-118.167,"Pasadena",307,289
2018,6,4154,34.1561,-118.151,"Pasadena",130,80
2018,6,4155,34.1478,-118.132,"Pasadena",68,54
2018,6,4156,34.1499,-118.138,"Pasadena",81,66
2018,6,4157,34.141,-118.132,"Pasadena",146,144
2018,6,4158,34.1353,-118.132,"Pasadena",80,134
2018,6,4159,34.1459,-118.117,"Pasadena",103,127
2018,6,4160,34.133,-118.149,"Pasadena",70,77
2018,6,4162,34.1475,-118.148,"Pasadena",244,238
2018,6,4163,34.1505,-118.132,"Pasadena",180,134
2018,6,4165,34.1418,-118.149,"Pasadena",113,185
2018,6,4166,34.1459,-118.122,"Pasadena",90,85
2018,6,4167,34.1438,-118.154,"Pasadena",35,51
2018,6,4169,34.147,-118.14,"Pasadena",70,64
2018,6,4170,34.1607,-118.132,"Pasadena",113,67
2018,6,4174,34.1653,-118.151,"Pasadena",77,50
2018,6,4176,34.1379,-118.122,"Pasadena",190,194
2018,6,4177,34.145,-118.138,"Pasadena",116,135
2018,6,4180,34.138,-118.129,"Pasadena",151,158
2018,6,4181,34.1462,-118.135,"Pasadena",163,157
2018,6,4183,34.1461,-118.129,"Pasadena",122,121
2018,6,4202,33.9912,-118.468,"Venice",230,190
2018,6,4204,33.9884,-118.452,"Venice",156,145
2018,6,4205,33.9938,-118.454,"Venice",105,86
2018,6,4206,33.9983,-118.461,"Venice",80,83
2018,6,4207,34.0009,-118.469,"Venice",163,136
2018,6,4208,33.9987,-118.473,"Venice",97,86
2018,6,4209,33.9962,-118.477,"Venice",418,396
2018,6,4210,33.9843,-118.472,"Venice",803,685
2018,6,4211,33.9849,-118.47,"Venice",271,177
2018,6,4212,33.9881,-118.472,"Venice",305,275
2018,6,4213,33.9954,-118.465,"Venice",37,30
2018,6,4214,33.9956,-118.482,"Venice",1150,1018
2018,6,4215,34.0143,-118.491,"Venice",578,1033
2018,6,4216,34.0234,-118.48,"Venice",67,57
2018,6,4220,34.0748,-118.259,"DTLA",204,199
2018,6,4227,34.0306,-118.27,"DTLA",31,29
2018,6,4244,34.0181,-118.287,"DTLA",7,8
2018,6,4249,34.0203,-118.281,"DTLA",6,3
2018,6,4254,34.0287,-118.284,"DTLA",8,3
